/*--------------------------------*- C++ -*----------------------------------*\
  =========                 |
  \\      /  F ield         | OpenFOAM: The Open Source CFD Toolbox
   \\    /   O peration     | Website:  https://openfoam.org
    \\  /    A nd           | Version:  12
     \\/     M anipulation  |
\*---------------------------------------------------------------------------*/
FoamFile
{
    format      ascii;
    class       faceList;
    location    "constant/polyMesh";
    object      faces;
}
// * * * * * * * * * * * * * * * * * * * * * * * * * * * * * * * * * * * * * //


4988
(
4(59 342 1158 383)
4(29 383 1158 320)
4(28 320 1158 342)
4(1 28 342 59)
4(1 29 320 28)
4(60 347 1159 384)
4(383 384 1159 1158)
4(342 1158 1159 347)
4(59 342 347 60)
4(61 352 1160 385)
4(384 385 1160 1159)
4(347 1159 1160 352)
4(60 347 352 61)
4(385 45 323 1160)
4(352 1160 323 44)
4(5 44 323 45)
4(61 352 44 5)
4(383 1158 1161 380)
4(30 380 1161 321)
4(320 321 1161 1158)
4(29 30 321 320)
4(384 1159 1162 381)
4(380 381 1162 1161)
4(1158 1161 1162 1159)
4(385 1160 1163 382)
4(381 382 1163 1162)
4(1159 1162 1163 1160)
4(382 46 324 1163)
4(1160 1163 324 323)
4(45 323 324 46)
4(380 1161 1164 377)
4(31 377 1164 322)
4(321 322 1164 1161)
4(30 31 322 321)
4(381 1162 1165 378)
4(377 378 1165 1164)
4(1161 1164 1165 1162)
4(382 1163 1166 379)
4(378 379 1166 1165)
4(1162 1165 1166 1163)
4(379 47 325 1166)
4(1163 1166 325 324)
4(46 324 325 47)
4(377 1164 367 65)
4(322 36 367 1164)
4(2 65 367 36)
4(31 2 36 322)
4(378 1165 362 66)
4(1164 367 362 1165)
4(65 66 362 367)
4(379 1166 357 67)
4(1165 362 357 1166)
4(66 67 357 362)
4(1166 357 52 325)
4(47 325 52 6)
4(67 6 52 357)
4(342 341 1167 1158)
4(320 1158 1167 317)
4(27 317 1167 341)
4(28 27 341 342)
4(28 320 317 27)
4(347 346 1168 1159)
4(1158 1159 1168 1167)
4(341 1167 1168 346)
4(342 341 346 347)
4(352 351 1169 1160)
4(1159 1160 1169 1168)
4(346 1168 1169 351)
4(347 346 351 352)
4(1160 323 326 1169)
4(351 1169 326 43)
4(44 43 326 323)
4(352 351 43 44)
4(1158 1167 1170 1161)
4(321 1161 1170 318)
4(317 318 1170 1167)
4(320 321 318 317)
4(1159 1168 1171 1162)
4(1161 1162 1171 1170)
4(1167 1170 1171 1168)
4(1160 1169 1172 1163)
4(1162 1163 1172 1171)
4(1168 1171 1172 1169)
4(1163 324 327 1172)
4(1169 1172 327 326)
4(323 326 327 324)
4(1161 1170 1173 1164)
4(322 1164 1173 319)
4(318 319 1173 1170)
4(321 322 319 318)
4(1162 1171 1174 1165)
4(1164 1165 1174 1173)
4(1170 1173 1174 1171)
4(1163 1172 1175 1166)
4(1165 1166 1175 1174)
4(1171 1174 1175 1172)
4(1166 325 328 1175)
4(1172 1175 328 327)
4(324 327 328 325)
4(1164 1173 366 367)
4(319 35 366 1173)
4(36 367 366 35)
4(322 36 35 319)
4(1165 1174 361 362)
4(1173 366 361 1174)
4(367 362 361 366)
4(1166 1175 356 357)
4(1174 361 356 1175)
4(362 357 356 361)
4(1175 356 51 328)
4(325 328 51 52)
4(357 52 51 356)
4(341 340 1176 1167)
4(317 1167 1176 314)
4(26 314 1176 340)
4(27 26 340 341)
4(27 317 314 26)
4(346 345 1177 1168)
4(1167 1168 1177 1176)
4(340 1176 1177 345)
4(341 340 345 346)
4(351 350 1178 1169)
4(1168 1169 1178 1177)
4(345 1177 1178 350)
4(346 345 350 351)
4(1169 326 329 1178)
4(350 1178 329 42)
4(43 42 329 326)
4(351 350 42 43)
4(1167 1176 1179 1170)
4(318 1170 1179 315)
4(314 315 1179 1176)
4(317 318 315 314)
4(1168 1177 1180 1171)
4(1170 1171 1180 1179)
4(1176 1179 1180 1177)
4(1169 1178 1181 1172)
4(1171 1172 1181 1180)
4(1177 1180 1181 1178)
4(1172 327 330 1181)
4(1178 1181 330 329)
4(326 329 330 327)
4(1170 1179 1182 1173)
4(319 1173 1182 316)
4(315 316 1182 1179)
4(318 319 316 315)
4(1171 1180 1183 1174)
4(1173 1174 1183 1182)
4(1179 1182 1183 1180)
4(1172 1181 1184 1175)
4(1174 1175 1184 1183)
4(1180 1183 1184 1181)
4(1175 328 331 1184)
4(1181 1184 331 330)
4(327 330 331 328)
4(1173 1182 365 366)
4(316 34 365 1182)
4(35 366 365 34)
4(319 35 34 316)
4(1174 1183 360 361)
4(1182 365 360 1183)
4(366 361 360 365)
4(1175 1184 355 356)
4(1183 360 355 1184)
4(361 356 355 360)
4(1184 355 50 331)
4(328 331 50 51)
4(356 51 50 355)
4(340 339 1185 1176)
4(314 1176 1185 311)
4(25 311 1185 339)
4(26 25 339 340)
4(26 314 311 25)
4(345 344 1186 1177)
4(1176 1177 1186 1185)
4(339 1185 1186 344)
4(340 339 344 345)
4(350 349 1187 1178)
4(1177 1178 1187 1186)
4(344 1186 1187 349)
4(345 344 349 350)
4(1178 329 332 1187)
4(349 1187 332 41)
4(42 41 332 329)
4(350 349 41 42)
4(1176 1185 1188 1179)
4(315 1179 1188 312)
4(311 312 1188 1185)
4(314 315 312 311)
4(1177 1186 1189 1180)
4(1179 1180 1189 1188)
4(1185 1188 1189 1186)
4(1178 1187 1190 1181)
4(1180 1181 1190 1189)
4(1186 1189 1190 1187)
4(1181 330 333 1190)
4(1187 1190 333 332)
4(329 332 333 330)
4(1179 1188 1191 1182)
4(316 1182 1191 313)
4(312 313 1191 1188)
4(315 316 313 312)
4(1180 1189 1192 1183)
4(1182 1183 1192 1191)
4(1188 1191 1192 1189)
4(1181 1190 1193 1184)
4(1183 1184 1193 1192)
4(1189 1192 1193 1190)
4(1184 331 334 1193)
4(1190 1193 334 333)
4(330 333 334 331)
4(1182 1191 364 365)
4(313 33 364 1191)
4(34 365 364 33)
4(316 34 33 313)
4(1183 1192 359 360)
4(1191 364 359 1192)
4(365 360 359 364)
4(1184 1193 354 355)
4(1192 359 354 1193)
4(360 355 354 359)
4(1193 354 49 334)
4(331 334 49 50)
4(355 50 49 354)
4(339 338 1194 1185)
4(311 1185 1194 308)
4(24 308 1194 338)
4(25 24 338 339)
4(25 311 308 24)
4(344 343 1195 1186)
4(1185 1186 1195 1194)
4(338 1194 1195 343)
4(339 338 343 344)
4(349 348 1196 1187)
4(1186 1187 1196 1195)
4(343 1195 1196 348)
4(344 343 348 349)
4(1187 332 335 1196)
4(348 1196 335 40)
4(41 40 335 332)
4(349 348 40 41)
4(1185 1194 1197 1188)
4(312 1188 1197 309)
4(308 309 1197 1194)
4(311 312 309 308)
4(1186 1195 1198 1189)
4(1188 1189 1198 1197)
4(1194 1197 1198 1195)
4(1187 1196 1199 1190)
4(1189 1190 1199 1198)
4(1195 1198 1199 1196)
4(1190 333 336 1199)
4(1196 1199 336 335)
4(332 335 336 333)
4(1188 1197 1200 1191)
4(313 1191 1200 310)
4(309 310 1200 1197)
4(312 313 310 309)
4(1189 1198 1201 1192)
4(1191 1192 1201 1200)
4(1197 1200 1201 1198)
4(1190 1199 1202 1193)
4(1192 1193 1202 1201)
4(1198 1201 1202 1199)
4(1193 334 337 1202)
4(1199 1202 337 336)
4(333 336 337 334)
4(1191 1200 363 364)
4(310 32 363 1200)
4(33 364 363 32)
4(313 33 32 310)
4(1192 1201 358 359)
4(1200 363 358 1201)
4(364 359 358 363)
4(1193 1202 353 354)
4(1201 358 353 1202)
4(359 354 353 358)
4(1202 353 48 337)
4(334 337 48 49)
4(354 49 48 353)
4(338 56 368 1194)
4(308 1194 368 37)
4(24 0 56 338)
4(24 308 37 0)
4(343 57 369 1195)
4(1194 1195 369 368)
4(338 56 57 343)
4(348 58 370 1196)
4(1195 1196 370 369)
4(343 57 58 348)
4(1196 335 53 370)
4(40 4 53 335)
4(348 58 4 40)
4(1194 368 371 1197)
4(309 1197 371 38)
4(308 309 38 37)
4(1195 369 372 1198)
4(1197 1198 372 371)
4(1196 370 373 1199)
4(1198 1199 373 372)
4(1199 336 54 373)
4(335 53 54 336)
4(1197 371 374 1200)
4(310 1200 374 39)
4(309 310 39 38)
4(1198 372 375 1201)
4(1200 1201 375 374)
4(1199 373 376 1202)
4(1201 1202 376 375)
4(1202 337 55 376)
4(336 54 55 337)
4(1200 374 62 363)
4(32 363 62 3)
4(310 32 3 39)
4(1201 375 63 358)
4(363 358 63 62)
4(1202 376 64 353)
4(358 353 64 63)
4(337 55 7 48)
4(353 48 7 64)
3(84 437 420)
4(99 85 420 437)
4(11 99 437 84)
4(11 84 420 85)
3(83 438 413)
4(437 420 413 438)
4(84 437 438 83)
4(84 83 413 420)
3(82 439 406)
4(438 413 406 439)
4(83 438 439 82)
4(83 82 406 413)
3(81 440 399)
4(439 406 399 440)
4(82 439 440 81)
4(82 81 399 406)
3(80 441 392)
4(440 399 392 441)
4(81 440 441 80)
4(81 80 392 399)
4(441 392 73 97)
4(80 441 97 10)
4(80 10 73 392)
4(420 437 1213 419)
4(86 419 1213 449)
4(99 449 1213 437)
4(85 420 419 86)
4(413 438 1214 412)
4(419 412 1214 1213)
4(437 1213 1214 438)
4(420 413 412 419)
4(406 439 1215 405)
4(412 405 1215 1214)
4(438 1214 1215 439)
4(413 406 405 412)
4(399 440 1216 398)
4(405 398 1216 1215)
4(439 1215 1216 440)
4(406 399 398 405)
4(392 441 1217 391)
4(398 391 1217 1216)
4(440 1216 1217 441)
4(399 392 391 398)
4(391 74 431 1217)
4(441 1217 431 97)
4(392 73 74 391)
3(419 1213 418)
4(449 87 418 1213)
4(86 419 418 87)
3(412 1214 411)
4(1213 418 411 1214)
4(419 412 411 418)
3(405 1215 404)
4(1214 411 404 1215)
4(412 405 404 411)
3(398 1216 397)
4(1215 404 397 1216)
4(405 398 397 404)
3(391 1217 390)
4(1216 397 390 1217)
4(398 391 390 397)
4(1217 390 75 431)
4(391 74 75 390)
4(418 1213 1208 417)
4(88 417 1208 448)
4(449 448 1208 1213)
4(87 418 417 88)
4(411 1214 1209 410)
4(417 410 1209 1208)
4(1213 1208 1209 1214)
4(418 411 410 417)
4(404 1215 1210 403)
4(410 403 1210 1209)
4(1214 1209 1210 1215)
4(411 404 403 410)
4(397 1216 1211 396)
4(403 396 1211 1210)
4(1215 1210 1211 1216)
4(404 397 396 403)
4(390 1217 1212 389)
4(396 389 1212 1211)
4(1216 1211 1212 1217)
4(397 390 389 396)
4(389 76 432 1212)
4(1217 1212 432 431)
4(390 75 76 389)
4(417 1208 1203 416)
4(89 416 1203 447)
4(448 447 1203 1208)
4(88 417 416 89)
4(410 1209 1204 409)
4(416 409 1204 1203)
4(1208 1203 1204 1209)
4(417 410 409 416)
4(403 1210 1205 402)
4(409 402 1205 1204)
4(1209 1204 1205 1210)
4(410 403 402 409)
4(396 1211 1206 395)
4(402 395 1206 1205)
4(1210 1205 1206 1211)
4(403 396 395 402)
4(389 1212 1207 388)
4(395 388 1207 1206)
4(1211 1206 1207 1212)
4(396 389 388 395)
4(388 77 433 1207)
4(1212 1207 433 432)
4(389 76 77 388)
3(416 1203 415)
4(447 90 415 1203)
4(89 416 415 90)
3(409 1204 408)
4(1203 415 408 1204)
4(416 409 408 415)
3(402 1205 401)
4(1204 408 401 1205)
4(409 402 401 408)
3(395 1206 394)
4(1205 401 394 1206)
4(402 395 394 401)
3(388 1207 387)
4(1206 394 387 1207)
4(395 388 387 394)
4(1207 387 78 433)
4(388 77 78 387)
4(415 1203 426 414)
4(91 414 426 93)
4(447 93 426 1203)
4(90 415 414 91)
4(408 1204 427 407)
4(414 407 427 426)
4(1203 426 427 1204)
4(415 408 407 414)
4(401 1205 428 400)
4(407 400 428 427)
4(1204 427 428 1205)
4(408 401 400 407)
4(394 1206 429 393)
4(400 393 429 428)
4(1205 428 429 1206)
4(401 394 393 400)
4(387 1207 430 386)
4(393 386 430 429)
4(1206 429 430 1207)
4(394 387 386 393)
4(386 79 95 430)
4(1207 430 95 433)
4(387 78 79 386)
3(414 426 72)
4(93 9 72 426)
4(91 414 72 9)
3(407 427 71)
4(426 72 71 427)
4(414 407 71 72)
3(400 428 70)
4(427 71 70 428)
4(407 400 70 71)
3(393 429 69)
4(428 70 69 429)
4(400 393 69 70)
3(386 430 68)
4(429 69 68 430)
4(393 386 68 69)
4(430 68 8 95)
4(386 79 8 68)
4(52 421 1218 325)
4(92 450 1218 421)
4(47 325 1218 450)
4(6 92 421 52)
4(51 422 1219 328)
4(421 1218 1219 422)
4(325 328 1219 1218)
4(52 421 422 51)
4(50 423 1220 331)
4(422 1219 1220 423)
4(328 331 1220 1219)
4(51 422 423 50)
4(49 424 1221 334)
4(423 1220 1221 424)
4(331 334 1221 1220)
4(50 423 424 49)
4(48 425 1222 337)
4(424 1221 1222 425)
4(334 337 1222 1221)
4(49 424 425 48)
4(425 1222 436 94)
4(337 55 436 1222)
4(48 425 94 7)
4(421 426 1203 1218)
4(450 1218 1203 447)
4(92 93 426 421)
4(422 427 1204 1219)
4(1218 1219 1204 1203)
4(421 426 427 422)
4(423 428 1205 1220)
4(1219 1220 1205 1204)
4(422 427 428 423)
4(424 429 1206 1221)
4(1220 1221 1206 1205)
4(423 428 429 424)
4(425 430 1207 1222)
4(1221 1222 1207 1206)
4(424 429 430 425)
4(1222 436 433 1207)
4(425 430 95 94)
4(325 1218 1223 324)
4(450 451 1223 1218)
4(46 324 1223 451)
4(328 1219 1224 327)
4(1218 1223 1224 1219)
4(324 327 1224 1223)
4(331 1220 1225 330)
4(1219 1224 1225 1220)
4(327 330 1225 1224)
4(334 1221 1226 333)
4(1220 1225 1226 1221)
4(330 333 1226 1225)
4(337 1222 1227 336)
4(1221 1226 1227 1222)
4(333 336 1227 1226)
4(1222 1227 435 436)
4(336 54 435 1227)
4(1218 1203 1208 1223)
4(451 1223 1208 448)
4(1219 1204 1209 1224)
4(1223 1224 1209 1208)
4(1220 1205 1210 1225)
4(1224 1225 1210 1209)
4(1221 1206 1211 1226)
4(1225 1226 1211 1210)
4(1222 1207 1212 1227)
4(1226 1227 1212 1211)
4(1227 435 432 1212)
4(324 1223 1228 323)
4(451 452 1228 1223)
4(45 323 1228 452)
4(327 1224 1229 326)
4(1223 1228 1229 1224)
4(323 326 1229 1228)
4(330 1225 1230 329)
4(1224 1229 1230 1225)
4(326 329 1230 1229)
4(333 1226 1231 332)
4(1225 1230 1231 1226)
4(329 332 1231 1230)
4(336 1227 1232 335)
4(1226 1231 1232 1227)
4(332 335 1232 1231)
4(1227 1232 434 435)
4(335 53 434 1232)
4(1223 1208 1213 1228)
4(452 1228 1213 449)
4(1224 1209 1214 1229)
4(1228 1229 1214 1213)
4(1225 1210 1215 1230)
4(1229 1230 1215 1214)
4(1226 1211 1216 1231)
4(1230 1231 1216 1215)
4(1227 1212 1217 1232)
4(1231 1232 1217 1216)
4(1232 434 431 1217)
4(323 1228 442 44)
4(452 98 442 1228)
4(5 44 442 98)
4(326 1229 443 43)
4(1228 442 443 1229)
4(44 43 443 442)
4(329 1230 444 42)
4(1229 443 444 1230)
4(43 42 444 443)
4(332 1231 445 41)
4(1230 444 445 1231)
4(42 41 445 444)
4(335 1232 446 40)
4(1231 445 446 1232)
4(41 40 446 445)
4(1232 446 96 434)
4(40 4 96 446)
4(1228 1213 437 442)
4(98 442 437 99)
4(1229 1214 438 443)
4(442 443 438 437)
4(1230 1215 439 444)
4(443 444 439 438)
4(1231 1216 440 445)
4(444 445 440 439)
4(1232 1217 441 446)
4(445 446 441 440)
4(446 96 97 441)
3(107 503 457)
4(122 118 457 503)
4(13 122 503 107)
4(13 107 457 118)
3(108 502 456)
4(503 457 456 502)
4(107 503 502 108)
4(107 108 456 457)
3(109 501 455)
4(502 456 455 501)
4(108 502 501 109)
4(108 109 455 456)
3(110 500 454)
4(501 455 454 500)
4(109 501 500 110)
4(109 110 454 455)
3(111 499 453)
4(500 454 453 499)
4(110 500 499 111)
4(110 111 453 454)
4(499 453 106 120)
4(111 499 120 12)
4(111 12 106 453)
4(457 503 1243 462)
4(117 462 1243 506)
4(122 506 1243 503)
4(118 457 462 117)
4(456 502 1244 461)
4(462 461 1244 1243)
4(503 1243 1244 502)
4(457 456 461 462)
4(455 501 1245 460)
4(461 460 1245 1244)
4(502 1244 1245 501)
4(456 455 460 461)
4(454 500 1246 459)
4(460 459 1246 1245)
4(501 1245 1246 500)
4(455 454 459 460)
4(453 499 1247 458)
4(459 458 1247 1246)
4(500 1246 1247 499)
4(454 453 458 459)
4(458 105 488 1247)
4(499 1247 488 120)
4(453 106 105 458)
3(462 1243 467)
4(506 116 467 1243)
4(117 462 467 116)
3(461 1244 466)
4(1243 467 466 1244)
4(462 461 466 467)
3(460 1245 465)
4(1244 466 465 1245)
4(461 460 465 466)
3(459 1246 464)
4(1245 465 464 1246)
4(460 459 464 465)
3(458 1247 463)
4(1246 464 463 1247)
4(459 458 463 464)
4(1247 463 104 488)
4(458 105 104 463)
4(467 1243 1238 472)
4(115 472 1238 505)
4(506 505 1238 1243)
4(116 467 472 115)
4(466 1244 1239 471)
4(472 471 1239 1238)
4(1243 1238 1239 1244)
4(467 466 471 472)
4(465 1245 1240 470)
4(471 470 1240 1239)
4(1244 1239 1240 1245)
4(466 465 470 471)
4(464 1246 1241 469)
4(470 469 1241 1240)
4(1245 1240 1241 1246)
4(465 464 469 470)
4(463 1247 1242 468)
4(469 468 1242 1241)
4(1246 1241 1242 1247)
4(464 463 468 469)
4(468 103 489 1242)
4(1247 1242 489 488)
4(463 104 103 468)
4(472 1238 1233 477)
4(114 477 1233 504)
4(505 504 1233 1238)
4(115 472 477 114)
4(471 1239 1234 476)
4(477 476 1234 1233)
4(1238 1233 1234 1239)
4(472 471 476 477)
4(470 1240 1235 475)
4(476 475 1235 1234)
4(1239 1234 1235 1240)
4(471 470 475 476)
4(469 1241 1236 474)
4(475 474 1236 1235)
4(1240 1235 1236 1241)
4(470 469 474 475)
4(468 1242 1237 473)
4(474 473 1237 1236)
4(1241 1236 1237 1242)
4(469 468 473 474)
4(473 102 490 1237)
4(1242 1237 490 489)
4(468 103 102 473)
3(477 1233 482)
4(504 113 482 1233)
4(114 477 482 113)
3(476 1234 481)
4(1233 482 481 1234)
4(477 476 481 482)
3(475 1235 480)
4(1234 481 480 1235)
4(476 475 480 481)
3(474 1236 479)
4(1235 480 479 1236)
4(475 474 479 480)
3(473 1237 478)
4(1236 479 478 1237)
4(474 473 478 479)
4(1237 478 101 490)
4(473 102 101 478)
4(482 1233 430 487)
4(112 487 430 95)
4(504 95 430 1233)
4(113 482 487 112)
4(481 1234 429 486)
4(487 486 429 430)
4(1233 430 429 1234)
4(482 481 486 487)
4(480 1235 428 485)
4(486 485 428 429)
4(1234 429 428 1235)
4(481 480 485 486)
4(479 1236 427 484)
4(485 484 427 428)
4(1235 428 427 1236)
4(480 479 484 485)
4(478 1237 426 483)
4(484 483 426 427)
4(1236 427 426 1237)
4(479 478 483 484)
4(483 100 93 426)
4(1237 426 93 490)
4(478 101 100 483)
3(487 430 68)
4(112 487 68 8)
3(486 429 69)
4(487 486 69 68)
3(485 428 70)
4(486 485 70 69)
3(484 427 71)
4(485 484 71 70)
3(483 426 72)
4(484 483 72 71)
4(483 100 9 72)
4(48 425 1248 353)
4(94 507 1248 425)
4(64 353 1248 507)
4(49 424 1249 354)
4(425 1248 1249 424)
4(353 354 1249 1248)
4(50 423 1250 355)
4(424 1249 1250 423)
4(354 355 1250 1249)
4(51 422 1251 356)
4(423 1250 1251 422)
4(355 356 1251 1250)
4(52 421 1252 357)
4(422 1251 1252 421)
4(356 357 1252 1251)
4(421 1252 493 92)
4(357 67 493 1252)
4(425 430 1233 1248)
4(507 1248 1233 504)
4(424 429 1234 1249)
4(1248 1249 1234 1233)
4(423 428 1235 1250)
4(1249 1250 1235 1234)
4(422 427 1236 1251)
4(1250 1251 1236 1235)
4(421 426 1237 1252)
4(1251 1252 1237 1236)
4(1252 493 490 1237)
4(353 1248 1253 358)
4(507 508 1253 1248)
4(63 358 1253 508)
4(354 1249 1254 359)
4(1248 1253 1254 1249)
4(358 359 1254 1253)
4(355 1250 1255 360)
4(1249 1254 1255 1250)
4(359 360 1255 1254)
4(356 1251 1256 361)
4(1250 1255 1256 1251)
4(360 361 1256 1255)
4(357 1252 1257 362)
4(1251 1256 1257 1252)
4(361 362 1257 1256)
4(1252 1257 492 493)
4(362 66 492 1257)
4(1248 1233 1238 1253)
4(508 1253 1238 505)
4(1249 1234 1239 1254)
4(1253 1254 1239 1238)
4(1250 1235 1240 1255)
4(1254 1255 1240 1239)
4(1251 1236 1241 1256)
4(1255 1256 1241 1240)
4(1252 1237 1242 1257)
4(1256 1257 1242 1241)
4(1257 492 489 1242)
4(358 1253 1258 363)
4(508 509 1258 1253)
4(62 363 1258 509)
4(359 1254 1259 364)
4(1253 1258 1259 1254)
4(363 364 1259 1258)
4(360 1255 1260 365)
4(1254 1259 1260 1255)
4(364 365 1260 1259)
4(361 1256 1261 366)
4(1255 1260 1261 1256)
4(365 366 1261 1260)
4(362 1257 1262 367)
4(1256 1261 1262 1257)
4(366 367 1262 1261)
4(1257 1262 491 492)
4(367 65 491 1262)
4(1253 1238 1243 1258)
4(509 1258 1243 506)
4(1254 1239 1244 1259)
4(1258 1259 1244 1243)
4(1255 1240 1245 1260)
4(1259 1260 1245 1244)
4(1256 1241 1246 1261)
4(1260 1261 1246 1245)
4(1257 1242 1247 1262)
4(1261 1262 1247 1246)
4(1262 491 488 1247)
4(363 1258 498 32)
4(509 121 498 1258)
4(3 32 498 121)
4(364 1259 497 33)
4(1258 498 497 1259)
4(32 33 497 498)
4(365 1260 496 34)
4(1259 497 496 1260)
4(33 34 496 497)
4(366 1261 495 35)
4(1260 496 495 1261)
4(34 35 495 496)
4(367 1262 494 36)
4(1261 495 494 1262)
4(35 36 494 495)
4(1262 494 119 491)
4(36 2 119 494)
4(1258 1243 503 498)
4(121 498 503 122)
4(1259 1244 502 497)
4(498 497 502 503)
4(1260 1245 501 496)
4(497 496 501 502)
4(1261 1246 500 495)
4(496 495 500 501)
4(1262 1247 499 494)
4(495 494 499 500)
4(494 119 120 499)
3(134 551 544)
4(145 135 544 551)
4(15 145 551 134)
4(15 134 544 135)
3(133 552 537)
4(551 544 537 552)
4(134 551 552 133)
4(134 133 537 544)
3(132 553 530)
4(552 537 530 553)
4(133 552 553 132)
4(133 132 530 537)
3(131 554 523)
4(553 530 523 554)
4(132 553 554 131)
4(132 131 523 530)
3(130 555 516)
4(554 523 516 555)
4(131 554 555 130)
4(131 130 516 523)
4(555 516 123 143)
4(130 555 143 14)
4(130 14 123 516)
4(544 551 1273 543)
4(136 543 1273 563)
4(145 563 1273 551)
4(135 544 543 136)
4(537 552 1274 536)
4(543 536 1274 1273)
4(551 1273 1274 552)
4(544 537 536 543)
4(530 553 1275 529)
4(536 529 1275 1274)
4(552 1274 1275 553)
4(537 530 529 536)
4(523 554 1276 522)
4(529 522 1276 1275)
4(553 1275 1276 554)
4(530 523 522 529)
4(516 555 1277 515)
4(522 515 1277 1276)
4(554 1276 1277 555)
4(523 516 515 522)
4(515 124 545 1277)
4(555 1277 545 143)
4(516 123 124 515)
3(543 1273 542)
4(563 137 542 1273)
4(136 543 542 137)
3(536 1274 535)
4(1273 542 535 1274)
4(543 536 535 542)
3(529 1275 528)
4(1274 535 528 1275)
4(536 529 528 535)
3(522 1276 521)
4(1275 528 521 1276)
4(529 522 521 528)
3(515 1277 514)
4(1276 521 514 1277)
4(522 515 514 521)
4(1277 514 125 545)
4(515 124 125 514)
4(542 1273 1268 541)
4(138 541 1268 562)
4(563 562 1268 1273)
4(137 542 541 138)
4(535 1274 1269 534)
4(541 534 1269 1268)
4(1273 1268 1269 1274)
4(542 535 534 541)
4(528 1275 1270 527)
4(534 527 1270 1269)
4(1274 1269 1270 1275)
4(535 528 527 534)
4(521 1276 1271 520)
4(527 520 1271 1270)
4(1275 1270 1271 1276)
4(528 521 520 527)
4(514 1277 1272 513)
4(520 513 1272 1271)
4(1276 1271 1272 1277)
4(521 514 513 520)
4(513 126 546 1272)
4(1277 1272 546 545)
4(514 125 126 513)
4(541 1268 1263 540)
4(139 540 1263 561)
4(562 561 1263 1268)
4(138 541 540 139)
4(534 1269 1264 533)
4(540 533 1264 1263)
4(1268 1263 1264 1269)
4(541 534 533 540)
4(527 1270 1265 526)
4(533 526 1265 1264)
4(1269 1264 1265 1270)
4(534 527 526 533)
4(520 1271 1266 519)
4(526 519 1266 1265)
4(1270 1265 1266 1271)
4(527 520 519 526)
4(513 1272 1267 512)
4(519 512 1267 1266)
4(1271 1266 1267 1272)
4(520 513 512 519)
4(512 127 547 1267)
4(1272 1267 547 546)
4(513 126 127 512)
3(540 1263 539)
4(561 140 539 1263)
4(139 540 539 140)
3(533 1264 532)
4(1263 539 532 1264)
4(540 533 532 539)
3(526 1265 525)
4(1264 532 525 1265)
4(533 526 525 532)
3(519 1266 518)
4(1265 525 518 1266)
4(526 519 518 525)
3(512 1267 511)
4(1266 518 511 1267)
4(519 512 511 518)
4(1267 511 128 547)
4(512 127 128 511)
4(539 1263 437 538)
4(141 538 437 99)
4(561 99 437 1263)
4(140 539 538 141)
4(532 1264 438 531)
4(538 531 438 437)
4(1263 437 438 1264)
4(539 532 531 538)
4(525 1265 439 524)
4(531 524 439 438)
4(1264 438 439 1265)
4(532 525 524 531)
4(518 1266 440 517)
4(524 517 440 439)
4(1265 439 440 1266)
4(525 518 517 524)
4(511 1267 441 510)
4(517 510 441 440)
4(1266 440 441 1267)
4(518 511 510 517)
4(510 129 97 441)
4(1267 441 97 547)
4(511 128 129 510)
3(538 437 84)
4(141 538 84 11)
3(531 438 83)
4(538 531 83 84)
3(524 439 82)
4(531 524 82 83)
3(517 440 81)
4(524 517 81 82)
3(510 441 80)
4(517 510 80 81)
4(510 129 10 80)
4(44 442 1278 352)
4(98 564 1278 442)
4(61 352 1278 564)
4(43 443 1279 351)
4(442 1278 1279 443)
4(352 351 1279 1278)
4(42 444 1280 350)
4(443 1279 1280 444)
4(351 350 1280 1279)
4(41 445 1281 349)
4(444 1280 1281 445)
4(350 349 1281 1280)
4(40 446 1282 348)
4(445 1281 1282 446)
4(349 348 1282 1281)
4(446 1282 550 96)
4(348 58 550 1282)
4(442 437 1263 1278)
4(564 1278 1263 561)
4(443 438 1264 1279)
4(1278 1279 1264 1263)
4(444 439 1265 1280)
4(1279 1280 1265 1264)
4(445 440 1266 1281)
4(1280 1281 1266 1265)
4(446 441 1267 1282)
4(1281 1282 1267 1266)
4(1282 550 547 1267)
4(352 1278 1283 347)
4(564 565 1283 1278)
4(60 347 1283 565)
4(351 1279 1284 346)
4(1278 1283 1284 1279)
4(347 346 1284 1283)
4(350 1280 1285 345)
4(1279 1284 1285 1280)
4(346 345 1285 1284)
4(349 1281 1286 344)
4(1280 1285 1286 1281)
4(345 344 1286 1285)
4(348 1282 1287 343)
4(1281 1286 1287 1282)
4(344 343 1287 1286)
4(1282 1287 549 550)
4(343 57 549 1287)
4(1278 1263 1268 1283)
4(565 1283 1268 562)
4(1279 1264 1269 1284)
4(1283 1284 1269 1268)
4(1280 1265 1270 1285)
4(1284 1285 1270 1269)
4(1281 1266 1271 1286)
4(1285 1286 1271 1270)
4(1282 1267 1272 1287)
4(1286 1287 1272 1271)
4(1287 549 546 1272)
4(347 1283 1288 342)
4(565 566 1288 1283)
4(59 342 1288 566)
4(346 1284 1289 341)
4(1283 1288 1289 1284)
4(342 341 1289 1288)
4(345 1285 1290 340)
4(1284 1289 1290 1285)
4(341 340 1290 1289)
4(344 1286 1291 339)
4(1285 1290 1291 1286)
4(340 339 1291 1290)
4(343 1287 1292 338)
4(1286 1291 1292 1287)
4(339 338 1292 1291)
4(1287 1292 548 549)
4(338 56 548 1292)
4(1283 1268 1273 1288)
4(566 1288 1273 563)
4(1284 1269 1274 1289)
4(1288 1289 1274 1273)
4(1285 1270 1275 1290)
4(1289 1290 1275 1274)
4(1286 1271 1276 1291)
4(1290 1291 1276 1275)
4(1287 1272 1277 1292)
4(1291 1292 1277 1276)
4(1292 548 545 1277)
4(342 1288 556 28)
4(566 144 556 1288)
4(1 28 556 144)
4(341 1289 557 27)
4(1288 556 557 1289)
4(28 27 557 556)
4(340 1290 558 26)
4(1289 557 558 1290)
4(27 26 558 557)
4(339 1291 559 25)
4(1290 558 559 1291)
4(26 25 559 558)
4(338 1292 560 24)
4(1291 559 560 1292)
4(25 24 560 559)
4(1292 560 142 548)
4(24 0 142 560)
4(1288 1273 551 556)
4(144 556 551 145)
4(1289 1274 552 557)
4(556 557 552 551)
4(1290 1275 553 558)
4(557 558 553 552)
4(1291 1276 554 559)
4(558 559 554 553)
4(1292 1277 555 560)
4(559 560 555 554)
4(560 142 143 555)
3(130 555 571)
4(143 159 571 555)
4(14 130 571 159)
3(131 554 570)
4(555 571 570 554)
4(130 131 570 571)
3(132 553 569)
4(554 570 569 553)
4(131 132 569 570)
3(133 552 568)
4(553 569 568 552)
4(132 133 568 569)
3(134 551 567)
4(552 568 567 551)
4(133 134 567 568)
4(551 567 152 145)
4(134 15 152 567)
4(571 555 1303 576)
4(158 576 1303 610)
4(143 610 1303 555)
4(159 571 576 158)
4(570 554 1304 575)
4(576 575 1304 1303)
4(555 1303 1304 554)
4(571 570 575 576)
4(569 553 1305 574)
4(575 574 1305 1304)
4(554 1304 1305 553)
4(570 569 574 575)
4(568 552 1306 573)
4(574 573 1306 1305)
4(553 1305 1306 552)
4(569 568 573 574)
4(567 551 1307 572)
4(573 572 1307 1306)
4(552 1306 1307 551)
4(568 567 572 573)
4(572 151 602 1307)
4(551 1307 602 145)
4(567 152 151 572)
3(576 1303 581)
4(610 157 581 1303)
4(158 576 581 157)
3(575 1304 580)
4(1303 581 580 1304)
4(576 575 580 581)
3(574 1305 579)
4(1304 580 579 1305)
4(575 574 579 580)
3(573 1306 578)
4(1305 579 578 1306)
4(574 573 578 579)
3(572 1307 577)
4(1306 578 577 1307)
4(573 572 577 578)
4(1307 577 150 602)
4(572 151 150 577)
4(581 1303 1298 586)
4(156 586 1298 609)
4(610 609 1298 1303)
4(157 581 586 156)
4(580 1304 1299 585)
4(586 585 1299 1298)
4(1303 1298 1299 1304)
4(581 580 585 586)
4(579 1305 1300 584)
4(585 584 1300 1299)
4(1304 1299 1300 1305)
4(580 579 584 585)
4(578 1306 1301 583)
4(584 583 1301 1300)
4(1305 1300 1301 1306)
4(579 578 583 584)
4(577 1307 1302 582)
4(583 582 1302 1301)
4(1306 1301 1302 1307)
4(578 577 582 583)
4(582 149 603 1302)
4(1307 1302 603 602)
4(577 150 149 582)
4(586 1298 1293 591)
4(155 591 1293 608)
4(609 608 1293 1298)
4(156 586 591 155)
4(585 1299 1294 590)
4(591 590 1294 1293)
4(1298 1293 1294 1299)
4(586 585 590 591)
4(584 1300 1295 589)
4(590 589 1295 1294)
4(1299 1294 1295 1300)
4(585 584 589 590)
4(583 1301 1296 588)
4(589 588 1296 1295)
4(1300 1295 1296 1301)
4(584 583 588 589)
4(582 1302 1297 587)
4(588 587 1297 1296)
4(1301 1296 1297 1302)
4(583 582 587 588)
4(587 148 604 1297)
4(1302 1297 604 603)
4(582 149 148 587)
3(591 1293 596)
4(608 154 596 1293)
4(155 591 596 154)
3(590 1294 595)
4(1293 596 595 1294)
4(591 590 595 596)
3(589 1295 594)
4(1294 595 594 1295)
4(590 589 594 595)
3(588 1296 593)
4(1295 594 593 1296)
4(589 588 593 594)
3(587 1297 592)
4(1296 593 592 1297)
4(588 587 592 593)
4(1297 592 147 604)
4(587 148 147 592)
4(596 1293 503 601)
4(153 601 503 122)
4(608 122 503 1293)
4(154 596 601 153)
4(595 1294 502 600)
4(601 600 502 503)
4(1293 503 502 1294)
4(596 595 600 601)
4(594 1295 501 599)
4(600 599 501 502)
4(1294 502 501 1295)
4(595 594 599 600)
4(593 1296 500 598)
4(599 598 500 501)
4(1295 501 500 1296)
4(594 593 598 599)
4(592 1297 499 597)
4(598 597 499 500)
4(1296 500 499 1297)
4(593 592 597 598)
4(597 146 120 499)
4(1297 499 120 604)
4(592 147 146 597)
3(601 503 107)
4(153 601 107 13)
3(600 502 108)
4(601 600 108 107)
3(599 501 109)
4(600 599 109 108)
3(598 500 110)
4(599 598 110 109)
3(597 499 111)
4(598 597 111 110)
4(597 146 12 111)
4(32 498 1308 310)
4(121 611 1308 498)
4(39 310 1308 611)
4(33 497 1309 313)
4(498 1308 1309 497)
4(310 313 1309 1308)
4(34 496 1310 316)
4(497 1309 1310 496)
4(313 316 1310 1309)
4(35 495 1311 319)
4(496 1310 1311 495)
4(316 319 1311 1310)
4(36 494 1312 322)
4(495 1311 1312 494)
4(319 322 1312 1311)
4(494 1312 607 119)
4(322 31 607 1312)
4(498 503 1293 1308)
4(611 1308 1293 608)
4(497 502 1294 1309)
4(1308 1309 1294 1293)
4(496 501 1295 1310)
4(1309 1310 1295 1294)
4(495 500 1296 1311)
4(1310 1311 1296 1295)
4(494 499 1297 1312)
4(1311 1312 1297 1296)
4(1312 607 604 1297)
4(310 1308 1313 309)
4(611 612 1313 1308)
4(38 309 1313 612)
4(313 1309 1314 312)
4(1308 1313 1314 1309)
4(309 312 1314 1313)
4(316 1310 1315 315)
4(1309 1314 1315 1310)
4(312 315 1315 1314)
4(319 1311 1316 318)
4(1310 1315 1316 1311)
4(315 318 1316 1315)
4(322 1312 1317 321)
4(1311 1316 1317 1312)
4(318 321 1317 1316)
4(1312 1317 606 607)
4(321 30 606 1317)
4(1308 1293 1298 1313)
4(612 1313 1298 609)
4(1309 1294 1299 1314)
4(1313 1314 1299 1298)
4(1310 1295 1300 1315)
4(1314 1315 1300 1299)
4(1311 1296 1301 1316)
4(1315 1316 1301 1300)
4(1312 1297 1302 1317)
4(1316 1317 1302 1301)
4(1317 606 603 1302)
4(309 1313 1318 308)
4(612 613 1318 1313)
4(37 308 1318 613)
4(312 1314 1319 311)
4(1313 1318 1319 1314)
4(308 311 1319 1318)
4(315 1315 1320 314)
4(1314 1319 1320 1315)
4(311 314 1320 1319)
4(318 1316 1321 317)
4(1315 1320 1321 1316)
4(314 317 1321 1320)
4(321 1317 1322 320)
4(1316 1321 1322 1317)
4(317 320 1322 1321)
4(1317 1322 605 606)
4(320 29 605 1322)
4(1313 1298 1303 1318)
4(613 1318 1303 610)
4(1314 1299 1304 1319)
4(1318 1319 1304 1303)
4(1315 1300 1305 1320)
4(1319 1320 1305 1304)
4(1316 1301 1306 1321)
4(1320 1321 1306 1305)
4(1317 1302 1307 1322)
4(1321 1322 1307 1306)
4(1322 605 602 1307)
4(308 1318 560 24)
4(613 142 560 1318)
4(311 1319 559 25)
4(1318 560 559 1319)
4(314 1320 558 26)
4(1319 559 558 1320)
4(317 1321 557 27)
4(1320 558 557 1321)
4(320 1322 556 28)
4(1321 557 556 1322)
4(1322 556 144 605)
4(1318 1303 555 560)
4(1319 1304 554 559)
4(1320 1305 553 558)
4(1321 1306 552 557)
4(1322 1307 551 556)
3(160 693 614)
4(201 182 614 693)
4(16 201 693 160)
3(161 692 626)
4(693 614 626 692)
4(160 693 692 161)
3(162 691 638)
4(692 626 638 691)
4(161 692 691 162)
3(163 690 650)
4(691 638 650 690)
4(162 691 690 163)
3(164 689 662)
4(690 650 662 689)
4(163 690 689 164)
4(689 662 165 197)
4(164 689 197 17)
4(614 693 1353 615)
4(183 615 1353 748)
4(201 748 1353 693)
4(626 692 1354 627)
4(615 627 1354 1353)
4(693 1353 1354 692)
4(638 691 1355 639)
4(627 639 1355 1354)
4(692 1354 1355 691)
4(650 690 1356 651)
4(639 651 1356 1355)
4(691 1355 1356 690)
4(662 689 1357 663)
4(651 663 1357 1356)
4(690 1356 1357 689)
4(663 166 694 1357)
4(689 1357 694 197)
4(615 1353 1348 616)
4(184 616 1348 747)
4(748 747 1348 1353)
4(627 1354 1349 628)
4(616 628 1349 1348)
4(1353 1348 1349 1354)
4(639 1355 1350 640)
4(628 640 1350 1349)
4(1354 1349 1350 1355)
4(651 1356 1351 652)
4(640 652 1351 1350)
4(1355 1350 1351 1356)
4(663 1357 1352 664)
4(652 664 1352 1351)
4(1356 1351 1352 1357)
4(664 167 695 1352)
4(1357 1352 695 694)
3(616 1348 617)
4(747 185 617 1348)
3(628 1349 629)
4(1348 617 629 1349)
3(640 1350 641)
4(1349 629 641 1350)
3(652 1351 653)
4(1350 641 653 1351)
3(664 1352 665)
4(1351 653 665 1352)
4(1352 665 168 695)
4(617 1348 1343 618)
4(186 618 1343 746)
4(747 746 1343 1348)
4(629 1349 1344 630)
4(618 630 1344 1343)
4(1348 1343 1344 1349)
4(641 1350 1345 642)
4(630 642 1345 1344)
4(1349 1344 1345 1350)
4(653 1351 1346 654)
4(642 654 1346 1345)
4(1350 1345 1346 1351)
4(665 1352 1347 666)
4(654 666 1347 1346)
4(1351 1346 1347 1352)
4(666 169 696 1347)
4(1352 1347 696 695)
4(618 1343 1338 619)
4(187 619 1338 745)
4(746 745 1338 1343)
4(630 1344 1339 631)
4(619 631 1339 1338)
4(1343 1338 1339 1344)
4(642 1345 1340 643)
4(631 643 1340 1339)
4(1344 1339 1340 1345)
4(654 1346 1341 655)
4(643 655 1341 1340)
4(1345 1340 1341 1346)
4(666 1347 1342 667)
4(655 667 1342 1341)
4(1346 1341 1342 1347)
4(667 170 697 1342)
4(1347 1342 697 696)
3(619 1338 620)
4(745 188 620 1338)
3(631 1339 632)
4(1338 620 632 1339)
3(643 1340 644)
4(1339 632 644 1340)
3(655 1341 656)
4(1340 644 656 1341)
3(667 1342 668)
4(1341 656 668 1342)
4(1342 668 171 697)
4(620 1338 1333 621)
4(189 621 1333 744)
4(745 744 1333 1338)
4(632 1339 1334 633)
4(621 633 1334 1333)
4(1338 1333 1334 1339)
4(644 1340 1335 645)
4(633 645 1335 1334)
4(1339 1334 1335 1340)
4(656 1341 1336 657)
4(645 657 1336 1335)
4(1340 1335 1336 1341)
4(668 1342 1337 669)
4(657 669 1337 1336)
4(1341 1336 1337 1342)
4(669 172 698 1337)
4(1342 1337 698 697)
4(621 1333 1328 622)
4(190 622 1328 743)
4(744 743 1328 1333)
4(633 1334 1329 634)
4(622 634 1329 1328)
4(1333 1328 1329 1334)
4(645 1335 1330 646)
4(634 646 1330 1329)
4(1334 1329 1330 1335)
4(657 1336 1331 658)
4(646 658 1331 1330)
4(1335 1330 1331 1336)
4(669 1337 1332 670)
4(658 670 1332 1331)
4(1336 1331 1332 1337)
4(670 173 699 1332)
4(1337 1332 699 698)
3(622 1328 623)
4(743 191 623 1328)
3(634 1329 635)
4(1328 623 635 1329)
3(646 1330 647)
4(1329 635 647 1330)
3(658 1331 659)
4(1330 647 659 1331)
3(670 1332 671)
4(1331 659 671 1332)
4(1332 671 174 699)
4(623 1328 1323 624)
4(192 624 1323 742)
4(743 742 1323 1328)
4(635 1329 1324 636)
4(624 636 1324 1323)
4(1328 1323 1324 1329)
4(647 1330 1325 648)
4(636 648 1325 1324)
4(1329 1324 1325 1330)
4(659 1331 1326 660)
4(648 660 1326 1325)
4(1330 1325 1326 1331)
4(671 1332 1327 672)
4(660 672 1327 1326)
4(1331 1326 1327 1332)
4(672 175 700 1327)
4(1332 1327 700 699)
4(624 1323 726 625)
4(193 625 726 209)
4(742 209 726 1323)
4(636 1324 725 637)
4(625 637 725 726)
4(1323 726 725 1324)
4(648 1325 724 649)
4(637 649 724 725)
4(1324 725 724 1325)
4(660 1326 723 661)
4(649 661 723 724)
4(1325 724 723 1326)
4(672 1327 722 673)
4(661 673 722 723)
4(1326 723 722 1327)
4(673 176 205 722)
4(1327 722 205 700)
3(625 726 177)
4(209 19 177 726)
3(637 725 178)
4(726 177 178 725)
3(649 724 179)
4(725 178 179 724)
3(661 723 180)
4(724 179 180 723)
3(673 722 181)
4(723 180 181 722)
4(722 181 18 205)
4(107 741 1358 601)
4(206 749 1358 741)
4(153 601 1358 749)
4(13 206 741 107)
4(108 740 1359 600)
4(741 1358 1359 740)
4(601 600 1359 1358)
4(107 741 740 108)
4(109 739 1360 599)
4(740 1359 1360 739)
4(600 599 1360 1359)
4(108 740 739 109)
4(110 738 1361 598)
4(739 1360 1361 738)
4(599 598 1361 1360)
4(109 739 738 110)
4(111 737 1362 597)
4(738 1361 1362 737)
4(598 597 1362 1361)
4(110 738 737 111)
4(737 1362 719 202)
4(597 146 719 1362)
4(111 737 202 12)
4(741 736 1363 1358)
4(207 750 1363 736)
4(749 1358 1363 750)
4(206 207 736 741)
4(740 735 1364 1359)
4(736 1363 1364 735)
4(1358 1359 1364 1363)
4(741 736 735 740)
4(739 734 1365 1360)
4(735 1364 1365 734)
4(1359 1360 1365 1364)
4(740 735 734 739)
4(738 733 1366 1361)
4(734 1365 1366 733)
4(1360 1361 1366 1365)
4(739 734 733 738)
4(737 732 1367 1362)
4(733 1366 1367 732)
4(1361 1362 1367 1366)
4(738 733 732 737)
4(732 1367 720 203)
4(1362 719 720 1367)
4(737 732 203 202)
4(736 731 1368 1363)
4(208 751 1368 731)
4(750 1363 1368 751)
4(207 208 731 736)
4(735 730 1369 1364)
4(731 1368 1369 730)
4(1363 1364 1369 1368)
4(736 731 730 735)
4(734 729 1370 1365)
4(730 1369 1370 729)
4(1364 1365 1370 1369)
4(735 730 729 734)
4(733 728 1371 1366)
4(729 1370 1371 728)
4(1365 1366 1371 1370)
4(734 729 728 733)
4(732 727 1372 1367)
4(728 1371 1372 727)
4(1366 1367 1372 1371)
4(733 728 727 732)
4(727 1372 721 204)
4(1367 720 721 1372)
4(732 727 204 203)
4(731 726 1323 1368)
4(751 1368 1323 742)
4(208 209 726 731)
4(730 725 1324 1369)
4(1368 1369 1324 1323)
4(731 726 725 730)
4(729 724 1325 1370)
4(1369 1370 1325 1324)
4(730 725 724 729)
4(728 723 1326 1371)
4(1370 1371 1326 1325)
4(729 724 723 728)
4(727 722 1327 1372)
4(1371 1372 1327 1326)
4(728 723 722 727)
4(1372 721 700 1327)
4(727 722 205 204)
4(601 1358 1373 596)
4(749 752 1373 1358)
4(154 596 1373 752)
4(600 1359 1374 595)
4(1358 1373 1374 1359)
4(596 595 1374 1373)
4(599 1360 1375 594)
4(1359 1374 1375 1360)
4(595 594 1375 1374)
4(598 1361 1376 593)
4(1360 1375 1376 1361)
4(594 593 1376 1375)
4(597 1362 1377 592)
4(1361 1376 1377 1362)
4(593 592 1377 1376)
4(1362 1377 716 719)
4(592 147 716 1377)
4(1358 1363 1378 1373)
4(750 753 1378 1363)
4(752 1373 1378 753)
4(1359 1364 1379 1374)
4(1363 1378 1379 1364)
4(1373 1374 1379 1378)
4(1360 1365 1380 1375)
4(1364 1379 1380 1365)
4(1374 1375 1380 1379)
4(1361 1366 1381 1376)
4(1365 1380 1381 1366)
4(1375 1376 1381 1380)
4(1362 1367 1382 1377)
4(1366 1381 1382 1367)
4(1376 1377 1382 1381)
4(1367 1382 717 720)
4(1377 716 717 1382)
4(1363 1368 1383 1378)
4(751 754 1383 1368)
4(753 1378 1383 754)
4(1364 1369 1384 1379)
4(1368 1383 1384 1369)
4(1378 1379 1384 1383)
4(1365 1370 1385 1380)
4(1369 1384 1385 1370)
4(1379 1380 1385 1384)
4(1366 1371 1386 1381)
4(1370 1385 1386 1371)
4(1380 1381 1386 1385)
4(1367 1372 1387 1382)
4(1371 1386 1387 1372)
4(1381 1382 1387 1386)
4(1372 1387 718 721)
4(1382 717 718 1387)
4(1368 1323 1328 1383)
4(754 1383 1328 743)
4(1369 1324 1329 1384)
4(1383 1384 1329 1328)
4(1370 1325 1330 1385)
4(1384 1385 1330 1329)
4(1371 1326 1331 1386)
4(1385 1386 1331 1330)
4(1372 1327 1332 1387)
4(1386 1387 1332 1331)
4(1387 718 699 1332)
4(596 1373 1388 591)
4(752 755 1388 1373)
4(155 591 1388 755)
4(595 1374 1389 590)
4(1373 1388 1389 1374)
4(591 590 1389 1388)
4(594 1375 1390 589)
4(1374 1389 1390 1375)
4(590 589 1390 1389)
4(593 1376 1391 588)
4(1375 1390 1391 1376)
4(589 588 1391 1390)
4(592 1377 1392 587)
4(1376 1391 1392 1377)
4(588 587 1392 1391)
4(1377 1392 713 716)
4(587 148 713 1392)
4(1373 1378 1393 1388)
4(753 756 1393 1378)
4(755 1388 1393 756)
4(1374 1379 1394 1389)
4(1378 1393 1394 1379)
4(1388 1389 1394 1393)
4(1375 1380 1395 1390)
4(1379 1394 1395 1380)
4(1389 1390 1395 1394)
4(1376 1381 1396 1391)
4(1380 1395 1396 1381)
4(1390 1391 1396 1395)
4(1377 1382 1397 1392)
4(1381 1396 1397 1382)
4(1391 1392 1397 1396)
4(1382 1397 714 717)
4(1392 713 714 1397)
4(1378 1383 1398 1393)
4(754 757 1398 1383)
4(756 1393 1398 757)
4(1379 1384 1399 1394)
4(1383 1398 1399 1384)
4(1393 1394 1399 1398)
4(1380 1385 1400 1395)
4(1384 1399 1400 1385)
4(1394 1395 1400 1399)
4(1381 1386 1401 1396)
4(1385 1400 1401 1386)
4(1395 1396 1401 1400)
4(1382 1387 1402 1397)
4(1386 1401 1402 1387)
4(1396 1397 1402 1401)
4(1387 1402 715 718)
4(1397 714 715 1402)
4(1383 1328 1333 1398)
4(757 1398 1333 744)
4(1384 1329 1334 1399)
4(1398 1399 1334 1333)
4(1385 1330 1335 1400)
4(1399 1400 1335 1334)
4(1386 1331 1336 1401)
4(1400 1401 1336 1335)
4(1387 1332 1337 1402)
4(1401 1402 1337 1336)
4(1402 715 698 1337)
4(591 1388 1403 586)
4(755 758 1403 1388)
4(156 586 1403 758)
4(590 1389 1404 585)
4(1388 1403 1404 1389)
4(586 585 1404 1403)
4(589 1390 1405 584)
4(1389 1404 1405 1390)
4(585 584 1405 1404)
4(588 1391 1406 583)
4(1390 1405 1406 1391)
4(584 583 1406 1405)
4(587 1392 1407 582)
4(1391 1406 1407 1392)
4(583 582 1407 1406)
4(1392 1407 710 713)
4(582 149 710 1407)
4(1388 1393 1408 1403)
4(756 759 1408 1393)
4(758 1403 1408 759)
4(1389 1394 1409 1404)
4(1393 1408 1409 1394)
4(1403 1404 1409 1408)
4(1390 1395 1410 1405)
4(1394 1409 1410 1395)
4(1404 1405 1410 1409)
4(1391 1396 1411 1406)
4(1395 1410 1411 1396)
4(1405 1406 1411 1410)
4(1392 1397 1412 1407)
4(1396 1411 1412 1397)
4(1406 1407 1412 1411)
4(1397 1412 711 714)
4(1407 710 711 1412)
4(1393 1398 1413 1408)
4(757 760 1413 1398)
4(759 1408 1413 760)
4(1394 1399 1414 1409)
4(1398 1413 1414 1399)
4(1408 1409 1414 1413)
4(1395 1400 1415 1410)
4(1399 1414 1415 1400)
4(1409 1410 1415 1414)
4(1396 1401 1416 1411)
4(1400 1415 1416 1401)
4(1410 1411 1416 1415)
4(1397 1402 1417 1412)
4(1401 1416 1417 1402)
4(1411 1412 1417 1416)
4(1402 1417 712 715)
4(1412 711 712 1417)
4(1398 1333 1338 1413)
4(760 1413 1338 745)
4(1399 1334 1339 1414)
4(1413 1414 1339 1338)
4(1400 1335 1340 1415)
4(1414 1415 1340 1339)
4(1401 1336 1341 1416)
4(1415 1416 1341 1340)
4(1402 1337 1342 1417)
4(1416 1417 1342 1341)
4(1417 712 697 1342)
4(586 1403 1418 581)
4(758 761 1418 1403)
4(157 581 1418 761)
4(585 1404 1419 580)
4(1403 1418 1419 1404)
4(581 580 1419 1418)
4(584 1405 1420 579)
4(1404 1419 1420 1405)
4(580 579 1420 1419)
4(583 1406 1421 578)
4(1405 1420 1421 1406)
4(579 578 1421 1420)
4(582 1407 1422 577)
4(1406 1421 1422 1407)
4(578 577 1422 1421)
4(1407 1422 707 710)
4(577 150 707 1422)
4(1403 1408 1423 1418)
4(759 762 1423 1408)
4(761 1418 1423 762)
4(1404 1409 1424 1419)
4(1408 1423 1424 1409)
4(1418 1419 1424 1423)
4(1405 1410 1425 1420)
4(1409 1424 1425 1410)
4(1419 1420 1425 1424)
4(1406 1411 1426 1421)
4(1410 1425 1426 1411)
4(1420 1421 1426 1425)
4(1407 1412 1427 1422)
4(1411 1426 1427 1412)
4(1421 1422 1427 1426)
4(1412 1427 708 711)
4(1422 707 708 1427)
4(1408 1413 1428 1423)
4(760 763 1428 1413)
4(762 1423 1428 763)
4(1409 1414 1429 1424)
4(1413 1428 1429 1414)
4(1423 1424 1429 1428)
4(1410 1415 1430 1425)
4(1414 1429 1430 1415)
4(1424 1425 1430 1429)
4(1411 1416 1431 1426)
4(1415 1430 1431 1416)
4(1425 1426 1431 1430)
4(1412 1417 1432 1427)
4(1416 1431 1432 1417)
4(1426 1427 1432 1431)
4(1417 1432 709 712)
4(1427 708 709 1432)
4(1413 1338 1343 1428)
4(763 1428 1343 746)
4(1414 1339 1344 1429)
4(1428 1429 1344 1343)
4(1415 1340 1345 1430)
4(1429 1430 1345 1344)
4(1416 1341 1346 1431)
4(1430 1431 1346 1345)
4(1417 1342 1347 1432)
4(1431 1432 1347 1346)
4(1432 709 696 1347)
4(581 1418 1433 576)
4(761 764 1433 1418)
4(158 576 1433 764)
4(580 1419 1434 575)
4(1418 1433 1434 1419)
4(576 575 1434 1433)
4(579 1420 1435 574)
4(1419 1434 1435 1420)
4(575 574 1435 1434)
4(578 1421 1436 573)
4(1420 1435 1436 1421)
4(574 573 1436 1435)
4(577 1422 1437 572)
4(1421 1436 1437 1422)
4(573 572 1437 1436)
4(1422 1437 704 707)
4(572 151 704 1437)
4(1418 1423 1438 1433)
4(762 765 1438 1423)
4(764 1433 1438 765)
4(1419 1424 1439 1434)
4(1423 1438 1439 1424)
4(1433 1434 1439 1438)
4(1420 1425 1440 1435)
4(1424 1439 1440 1425)
4(1434 1435 1440 1439)
4(1421 1426 1441 1436)
4(1425 1440 1441 1426)
4(1435 1436 1441 1440)
4(1422 1427 1442 1437)
4(1426 1441 1442 1427)
4(1436 1437 1442 1441)
4(1427 1442 705 708)
4(1437 704 705 1442)
4(1423 1428 1443 1438)
4(763 766 1443 1428)
4(765 1438 1443 766)
4(1424 1429 1444 1439)
4(1428 1443 1444 1429)
4(1438 1439 1444 1443)
4(1425 1430 1445 1440)
4(1429 1444 1445 1430)
4(1439 1440 1445 1444)
4(1426 1431 1446 1441)
4(1430 1445 1446 1431)
4(1440 1441 1446 1445)
4(1427 1432 1447 1442)
4(1431 1446 1447 1432)
4(1441 1442 1447 1446)
4(1432 1447 706 709)
4(1442 705 706 1447)
4(1428 1343 1348 1443)
4(766 1443 1348 747)
4(1429 1344 1349 1444)
4(1443 1444 1349 1348)
4(1430 1345 1350 1445)
4(1444 1445 1350 1349)
4(1431 1346 1351 1446)
4(1445 1446 1351 1350)
4(1432 1347 1352 1447)
4(1446 1447 1352 1351)
4(1447 706 695 1352)
4(576 1433 1448 571)
4(764 767 1448 1433)
4(159 571 1448 767)
4(575 1434 1449 570)
4(1433 1448 1449 1434)
4(571 570 1449 1448)
4(574 1435 1450 569)
4(1434 1449 1450 1435)
4(570 569 1450 1449)
4(573 1436 1451 568)
4(1435 1450 1451 1436)
4(569 568 1451 1450)
4(572 1437 1452 567)
4(1436 1451 1452 1437)
4(568 567 1452 1451)
4(1437 1452 701 704)
4(567 152 701 1452)
4(1433 1438 1453 1448)
4(765 768 1453 1438)
4(767 1448 1453 768)
4(1434 1439 1454 1449)
4(1438 1453 1454 1439)
4(1448 1449 1454 1453)
4(1435 1440 1455 1450)
4(1439 1454 1455 1440)
4(1449 1450 1455 1454)
4(1436 1441 1456 1451)
4(1440 1455 1456 1441)
4(1450 1451 1456 1455)
4(1437 1442 1457 1452)
4(1441 1456 1457 1442)
4(1451 1452 1457 1456)
4(1442 1457 702 705)
4(1452 701 702 1457)
4(1438 1443 1458 1453)
4(766 769 1458 1443)
4(768 1453 1458 769)
4(1439 1444 1459 1454)
4(1443 1458 1459 1444)
4(1453 1454 1459 1458)
4(1440 1445 1460 1455)
4(1444 1459 1460 1445)
4(1454 1455 1460 1459)
4(1441 1446 1461 1456)
4(1445 1460 1461 1446)
4(1455 1456 1461 1460)
4(1442 1447 1462 1457)
4(1446 1461 1462 1447)
4(1456 1457 1462 1461)
4(1447 1462 703 706)
4(1457 702 703 1462)
4(1443 1348 1353 1458)
4(769 1458 1353 748)
4(1444 1349 1354 1459)
4(1458 1459 1354 1353)
4(1445 1350 1355 1460)
4(1459 1460 1355 1354)
4(1446 1351 1356 1461)
4(1460 1461 1356 1355)
4(1447 1352 1357 1462)
4(1461 1462 1357 1356)
4(1462 703 694 1357)
4(571 1448 678 130)
4(767 198 678 1448)
4(14 130 678 198)
4(570 1449 677 131)
4(1448 678 677 1449)
4(130 131 677 678)
4(569 1450 676 132)
4(1449 677 676 1450)
4(131 132 676 677)
4(568 1451 675 133)
4(1450 676 675 1451)
4(132 133 675 676)
4(567 1452 674 134)
4(1451 675 674 1452)
4(133 134 674 675)
4(1452 674 194 701)
4(134 15 194 674)
4(1448 1453 683 678)
4(768 199 683 1453)
4(198 678 683 199)
4(1449 1454 682 677)
4(1453 683 682 1454)
4(678 677 682 683)
4(1450 1455 681 676)
4(1454 682 681 1455)
4(677 676 681 682)
4(1451 1456 680 675)
4(1455 681 680 1456)
4(676 675 680 681)
4(1452 1457 679 674)
4(1456 680 679 1457)
4(675 674 679 680)
4(1457 679 195 702)
4(674 194 195 679)
4(1453 1458 688 683)
4(769 200 688 1458)
4(199 683 688 200)
4(1454 1459 687 682)
4(1458 688 687 1459)
4(683 682 687 688)
4(1455 1460 686 681)
4(1459 687 686 1460)
4(682 681 686 687)
4(1456 1461 685 680)
4(1460 686 685 1461)
4(681 680 685 686)
4(1457 1462 684 679)
4(1461 685 684 1462)
4(680 679 684 685)
4(1462 684 196 703)
4(679 195 196 684)
4(1458 1353 693 688)
4(200 688 693 201)
4(1459 1354 692 687)
4(688 687 692 693)
4(1460 1355 691 686)
4(687 686 691 692)
4(1461 1356 690 685)
4(686 685 690 691)
4(1462 1357 689 684)
4(685 684 689 690)
4(684 196 197 689)
3(164 689 774)
4(197 227 774 689)
3(163 690 773)
4(689 774 773 690)
3(162 691 772)
4(690 773 772 691)
3(161 692 771)
4(691 772 771 692)
3(160 693 770)
4(692 771 770 693)
4(693 770 210 201)
4(774 689 1493 779)
4(228 779 1493 884)
4(197 884 1493 689)
4(773 690 1494 778)
4(779 778 1494 1493)
4(689 1493 1494 690)
4(772 691 1495 777)
4(778 777 1495 1494)
4(690 1494 1495 691)
4(771 692 1496 776)
4(777 776 1496 1495)
4(691 1495 1496 692)
4(770 693 1497 775)
4(776 775 1497 1496)
4(692 1496 1497 693)
4(775 211 830 1497)
4(693 1497 830 201)
4(779 1493 1488 784)
4(229 784 1488 883)
4(884 883 1488 1493)
4(778 1494 1489 783)
4(784 783 1489 1488)
4(1493 1488 1489 1494)
4(777 1495 1490 782)
4(783 782 1490 1489)
4(1494 1489 1490 1495)
4(776 1496 1491 781)
4(782 781 1491 1490)
4(1495 1490 1491 1496)
4(775 1497 1492 780)
4(781 780 1492 1491)
4(1496 1491 1492 1497)
4(780 212 831 1492)
4(1497 1492 831 830)
3(784 1488 789)
4(883 230 789 1488)
3(783 1489 788)
4(1488 789 788 1489)
3(782 1490 787)
4(1489 788 787 1490)
3(781 1491 786)
4(1490 787 786 1491)
3(780 1492 785)
4(1491 786 785 1492)
4(1492 785 213 831)
4(789 1488 1483 794)
4(231 794 1483 882)
4(883 882 1483 1488)
4(788 1489 1484 793)
4(794 793 1484 1483)
4(1488 1483 1484 1489)
4(787 1490 1485 792)
4(793 792 1485 1484)
4(1489 1484 1485 1490)
4(786 1491 1486 791)
4(792 791 1486 1485)
4(1490 1485 1486 1491)
4(785 1492 1487 790)
4(791 790 1487 1486)
4(1491 1486 1487 1492)
4(790 214 832 1487)
4(1492 1487 832 831)
4(794 1483 1478 799)
4(232 799 1478 881)
4(882 881 1478 1483)
4(793 1484 1479 798)
4(799 798 1479 1478)
4(1483 1478 1479 1484)
4(792 1485 1480 797)
4(798 797 1480 1479)
4(1484 1479 1480 1485)
4(791 1486 1481 796)
4(797 796 1481 1480)
4(1485 1480 1481 1486)
4(790 1487 1482 795)
4(796 795 1482 1481)
4(1486 1481 1482 1487)
4(795 215 833 1482)
4(1487 1482 833 832)
3(799 1478 804)
4(881 233 804 1478)
3(798 1479 803)
4(1478 804 803 1479)
3(797 1480 802)
4(1479 803 802 1480)
3(796 1481 801)
4(1480 802 801 1481)
3(795 1482 800)
4(1481 801 800 1482)
4(1482 800 216 833)
4(804 1478 1473 809)
4(234 809 1473 880)
4(881 880 1473 1478)
4(803 1479 1474 808)
4(809 808 1474 1473)
4(1478 1473 1474 1479)
4(802 1480 1475 807)
4(808 807 1475 1474)
4(1479 1474 1475 1480)
4(801 1481 1476 806)
4(807 806 1476 1475)
4(1480 1475 1476 1481)
4(800 1482 1477 805)
4(806 805 1477 1476)
4(1481 1476 1477 1482)
4(805 217 834 1477)
4(1482 1477 834 833)
4(809 1473 1468 814)
4(235 814 1468 879)
4(880 879 1468 1473)
4(808 1474 1469 813)
4(814 813 1469 1468)
4(1473 1468 1469 1474)
4(807 1475 1470 812)
4(813 812 1470 1469)
4(1474 1469 1470 1475)
4(806 1476 1471 811)
4(812 811 1471 1470)
4(1475 1470 1471 1476)
4(805 1477 1472 810)
4(811 810 1472 1471)
4(1476 1471 1472 1477)
4(810 218 835 1472)
4(1477 1472 835 834)
3(814 1468 819)
4(879 236 819 1468)
3(813 1469 818)
4(1468 819 818 1469)
3(812 1470 817)
4(1469 818 817 1470)
3(811 1471 816)
4(1470 817 816 1471)
3(810 1472 815)
4(1471 816 815 1472)
4(1472 815 219 835)
4(819 1468 1463 824)
4(237 824 1463 878)
4(879 878 1463 1468)
4(818 1469 1464 823)
4(824 823 1464 1463)
4(1468 1463 1464 1469)
4(817 1470 1465 822)
4(823 822 1465 1464)
4(1469 1464 1465 1470)
4(816 1471 1466 821)
4(822 821 1466 1465)
4(1470 1465 1466 1471)
4(815 1472 1467 820)
4(821 820 1467 1466)
4(1471 1466 1467 1472)
4(820 220 836 1467)
4(1472 1467 836 835)
4(824 1463 873 829)
4(238 829 873 246)
4(878 246 873 1463)
4(823 1464 874 828)
4(829 828 874 873)
4(1463 873 874 1464)
4(822 1465 875 827)
4(828 827 875 874)
4(1464 874 875 1465)
4(821 1466 876 826)
4(827 826 876 875)
4(1465 875 876 1466)
4(820 1467 877 825)
4(826 825 877 876)
4(1466 876 877 1467)
4(825 221 242 877)
4(1467 877 242 836)
3(829 873 226)
4(246 21 226 873)
3(828 874 225)
4(873 226 225 874)
3(827 875 224)
4(874 225 224 875)
3(826 876 223)
4(875 224 223 876)
3(825 877 222)
4(876 223 222 877)
4(877 222 20 242)
4(84 858 1498 538)
4(243 885 1498 858)
4(141 538 1498 885)
4(11 243 858 84)
4(83 859 1499 531)
4(858 1498 1499 859)
4(538 531 1499 1498)
4(84 858 859 83)
4(82 860 1500 524)
4(859 1499 1500 860)
4(531 524 1500 1499)
4(83 859 860 82)
4(81 861 1501 517)
4(860 1500 1501 861)
4(524 517 1501 1500)
4(82 860 861 81)
4(80 862 1502 510)
4(861 1501 1502 862)
4(517 510 1502 1501)
4(81 861 862 80)
4(862 1502 855 239)
4(510 129 855 1502)
4(80 862 239 10)
4(858 863 1503 1498)
4(244 886 1503 863)
4(885 1498 1503 886)
4(243 244 863 858)
4(859 864 1504 1499)
4(863 1503 1504 864)
4(1498 1499 1504 1503)
4(858 863 864 859)
4(860 865 1505 1500)
4(864 1504 1505 865)
4(1499 1500 1505 1504)
4(859 864 865 860)
4(861 866 1506 1501)
4(865 1505 1506 866)
4(1500 1501 1506 1505)
4(860 865 866 861)
4(862 867 1507 1502)
4(866 1506 1507 867)
4(1501 1502 1507 1506)
4(861 866 867 862)
4(867 1507 856 240)
4(1502 855 856 1507)
4(862 867 240 239)
4(863 868 1508 1503)
4(245 887 1508 868)
4(886 1503 1508 887)
4(244 245 868 863)
4(864 869 1509 1504)
4(868 1508 1509 869)
4(1503 1504 1509 1508)
4(863 868 869 864)
4(865 870 1510 1505)
4(869 1509 1510 870)
4(1504 1505 1510 1509)
4(864 869 870 865)
4(866 871 1511 1506)
4(870 1510 1511 871)
4(1505 1506 1511 1510)
4(865 870 871 866)
4(867 872 1512 1507)
4(871 1511 1512 872)
4(1506 1507 1512 1511)
4(866 871 872 867)
4(872 1512 857 241)
4(1507 856 857 1512)
4(867 872 241 240)
4(868 873 1463 1508)
4(887 1508 1463 878)
4(245 246 873 868)
4(869 874 1464 1509)
4(1508 1509 1464 1463)
4(868 873 874 869)
4(870 875 1465 1510)
4(1509 1510 1465 1464)
4(869 874 875 870)
4(871 876 1466 1511)
4(1510 1511 1466 1465)
4(870 875 876 871)
4(872 877 1467 1512)
4(1511 1512 1467 1466)
4(871 876 877 872)
4(1512 857 836 1467)
4(872 877 242 241)
4(538 1498 1513 539)
4(885 888 1513 1498)
4(140 539 1513 888)
4(531 1499 1514 532)
4(1498 1513 1514 1499)
4(539 532 1514 1513)
4(524 1500 1515 525)
4(1499 1514 1515 1500)
4(532 525 1515 1514)
4(517 1501 1516 518)
4(1500 1515 1516 1501)
4(525 518 1516 1515)
4(510 1502 1517 511)
4(1501 1516 1517 1502)
4(518 511 1517 1516)
4(1502 1517 852 855)
4(511 128 852 1517)
4(1498 1503 1518 1513)
4(886 889 1518 1503)
4(888 1513 1518 889)
4(1499 1504 1519 1514)
4(1503 1518 1519 1504)
4(1513 1514 1519 1518)
4(1500 1505 1520 1515)
4(1504 1519 1520 1505)
4(1514 1515 1520 1519)
4(1501 1506 1521 1516)
4(1505 1520 1521 1506)
4(1515 1516 1521 1520)
4(1502 1507 1522 1517)
4(1506 1521 1522 1507)
4(1516 1517 1522 1521)
4(1507 1522 853 856)
4(1517 852 853 1522)
4(1503 1508 1523 1518)
4(887 890 1523 1508)
4(889 1518 1523 890)
4(1504 1509 1524 1519)
4(1508 1523 1524 1509)
4(1518 1519 1524 1523)
4(1505 1510 1525 1520)
4(1509 1524 1525 1510)
4(1519 1520 1525 1524)
4(1506 1511 1526 1521)
4(1510 1525 1526 1511)
4(1520 1521 1526 1525)
4(1507 1512 1527 1522)
4(1511 1526 1527 1512)
4(1521 1522 1527 1526)
4(1512 1527 854 857)
4(1522 853 854 1527)
4(1508 1463 1468 1523)
4(890 1523 1468 879)
4(1509 1464 1469 1524)
4(1523 1524 1469 1468)
4(1510 1465 1470 1525)
4(1524 1525 1470 1469)
4(1511 1466 1471 1526)
4(1525 1526 1471 1470)
4(1512 1467 1472 1527)
4(1526 1527 1472 1471)
4(1527 854 835 1472)
4(539 1513 1528 540)
4(888 891 1528 1513)
4(139 540 1528 891)
4(532 1514 1529 533)
4(1513 1528 1529 1514)
4(540 533 1529 1528)
4(525 1515 1530 526)
4(1514 1529 1530 1515)
4(533 526 1530 1529)
4(518 1516 1531 519)
4(1515 1530 1531 1516)
4(526 519 1531 1530)
4(511 1517 1532 512)
4(1516 1531 1532 1517)
4(519 512 1532 1531)
4(1517 1532 849 852)
4(512 127 849 1532)
4(1513 1518 1533 1528)
4(889 892 1533 1518)
4(891 1528 1533 892)
4(1514 1519 1534 1529)
4(1518 1533 1534 1519)
4(1528 1529 1534 1533)
4(1515 1520 1535 1530)
4(1519 1534 1535 1520)
4(1529 1530 1535 1534)
4(1516 1521 1536 1531)
4(1520 1535 1536 1521)
4(1530 1531 1536 1535)
4(1517 1522 1537 1532)
4(1521 1536 1537 1522)
4(1531 1532 1537 1536)
4(1522 1537 850 853)
4(1532 849 850 1537)
4(1518 1523 1538 1533)
4(890 893 1538 1523)
4(892 1533 1538 893)
4(1519 1524 1539 1534)
4(1523 1538 1539 1524)
4(1533 1534 1539 1538)
4(1520 1525 1540 1535)
4(1524 1539 1540 1525)
4(1534 1535 1540 1539)
4(1521 1526 1541 1536)
4(1525 1540 1541 1526)
4(1535 1536 1541 1540)
4(1522 1527 1542 1537)
4(1526 1541 1542 1527)
4(1536 1537 1542 1541)
4(1527 1542 851 854)
4(1537 850 851 1542)
4(1523 1468 1473 1538)
4(893 1538 1473 880)
4(1524 1469 1474 1539)
4(1538 1539 1474 1473)
4(1525 1470 1475 1540)
4(1539 1540 1475 1474)
4(1526 1471 1476 1541)
4(1540 1541 1476 1475)
4(1527 1472 1477 1542)
4(1541 1542 1477 1476)
4(1542 851 834 1477)
4(540 1528 1543 541)
4(891 894 1543 1528)
4(138 541 1543 894)
4(533 1529 1544 534)
4(1528 1543 1544 1529)
4(541 534 1544 1543)
4(526 1530 1545 527)
4(1529 1544 1545 1530)
4(534 527 1545 1544)
4(519 1531 1546 520)
4(1530 1545 1546 1531)
4(527 520 1546 1545)
4(512 1532 1547 513)
4(1531 1546 1547 1532)
4(520 513 1547 1546)
4(1532 1547 846 849)
4(513 126 846 1547)
4(1528 1533 1548 1543)
4(892 895 1548 1533)
4(894 1543 1548 895)
4(1529 1534 1549 1544)
4(1533 1548 1549 1534)
4(1543 1544 1549 1548)
4(1530 1535 1550 1545)
4(1534 1549 1550 1535)
4(1544 1545 1550 1549)
4(1531 1536 1551 1546)
4(1535 1550 1551 1536)
4(1545 1546 1551 1550)
4(1532 1537 1552 1547)
4(1536 1551 1552 1537)
4(1546 1547 1552 1551)
4(1537 1552 847 850)
4(1547 846 847 1552)
4(1533 1538 1553 1548)
4(893 896 1553 1538)
4(895 1548 1553 896)
4(1534 1539 1554 1549)
4(1538 1553 1554 1539)
4(1548 1549 1554 1553)
4(1535 1540 1555 1550)
4(1539 1554 1555 1540)
4(1549 1550 1555 1554)
4(1536 1541 1556 1551)
4(1540 1555 1556 1541)
4(1550 1551 1556 1555)
4(1537 1542 1557 1552)
4(1541 1556 1557 1542)
4(1551 1552 1557 1556)
4(1542 1557 848 851)
4(1552 847 848 1557)
4(1538 1473 1478 1553)
4(896 1553 1478 881)
4(1539 1474 1479 1554)
4(1553 1554 1479 1478)
4(1540 1475 1480 1555)
4(1554 1555 1480 1479)
4(1541 1476 1481 1556)
4(1555 1556 1481 1480)
4(1542 1477 1482 1557)
4(1556 1557 1482 1481)
4(1557 848 833 1482)
4(541 1543 1558 542)
4(894 897 1558 1543)
4(137 542 1558 897)
4(534 1544 1559 535)
4(1543 1558 1559 1544)
4(542 535 1559 1558)
4(527 1545 1560 528)
4(1544 1559 1560 1545)
4(535 528 1560 1559)
4(520 1546 1561 521)
4(1545 1560 1561 1546)
4(528 521 1561 1560)
4(513 1547 1562 514)
4(1546 1561 1562 1547)
4(521 514 1562 1561)
4(1547 1562 843 846)
4(514 125 843 1562)
4(1543 1548 1563 1558)
4(895 898 1563 1548)
4(897 1558 1563 898)
4(1544 1549 1564 1559)
4(1548 1563 1564 1549)
4(1558 1559 1564 1563)
4(1545 1550 1565 1560)
4(1549 1564 1565 1550)
4(1559 1560 1565 1564)
4(1546 1551 1566 1561)
4(1550 1565 1566 1551)
4(1560 1561 1566 1565)
4(1547 1552 1567 1562)
4(1551 1566 1567 1552)
4(1561 1562 1567 1566)
4(1552 1567 844 847)
4(1562 843 844 1567)
4(1548 1553 1568 1563)
4(896 899 1568 1553)
4(898 1563 1568 899)
4(1549 1554 1569 1564)
4(1553 1568 1569 1554)
4(1563 1564 1569 1568)
4(1550 1555 1570 1565)
4(1554 1569 1570 1555)
4(1564 1565 1570 1569)
4(1551 1556 1571 1566)
4(1555 1570 1571 1556)
4(1565 1566 1571 1570)
4(1552 1557 1572 1567)
4(1556 1571 1572 1557)
4(1566 1567 1572 1571)
4(1557 1572 845 848)
4(1567 844 845 1572)
4(1553 1478 1483 1568)
4(899 1568 1483 882)
4(1554 1479 1484 1569)
4(1568 1569 1484 1483)
4(1555 1480 1485 1570)
4(1569 1570 1485 1484)
4(1556 1481 1486 1571)
4(1570 1571 1486 1485)
4(1557 1482 1487 1572)
4(1571 1572 1487 1486)
4(1572 845 832 1487)
4(542 1558 1573 543)
4(897 900 1573 1558)
4(136 543 1573 900)
4(535 1559 1574 536)
4(1558 1573 1574 1559)
4(543 536 1574 1573)
4(528 1560 1575 529)
4(1559 1574 1575 1560)
4(536 529 1575 1574)
4(521 1561 1576 522)
4(1560 1575 1576 1561)
4(529 522 1576 1575)
4(514 1562 1577 515)
4(1561 1576 1577 1562)
4(522 515 1577 1576)
4(1562 1577 840 843)
4(515 124 840 1577)
4(1558 1563 1578 1573)
4(898 901 1578 1563)
4(900 1573 1578 901)
4(1559 1564 1579 1574)
4(1563 1578 1579 1564)
4(1573 1574 1579 1578)
4(1560 1565 1580 1575)
4(1564 1579 1580 1565)
4(1574 1575 1580 1579)
4(1561 1566 1581 1576)
4(1565 1580 1581 1566)
4(1575 1576 1581 1580)
4(1562 1567 1582 1577)
4(1566 1581 1582 1567)
4(1576 1577 1582 1581)
4(1567 1582 841 844)
4(1577 840 841 1582)
4(1563 1568 1583 1578)
4(899 902 1583 1568)
4(901 1578 1583 902)
4(1564 1569 1584 1579)
4(1568 1583 1584 1569)
4(1578 1579 1584 1583)
4(1565 1570 1585 1580)
4(1569 1584 1585 1570)
4(1579 1580 1585 1584)
4(1566 1571 1586 1581)
4(1570 1585 1586 1571)
4(1580 1581 1586 1585)
4(1567 1572 1587 1582)
4(1571 1586 1587 1572)
4(1581 1582 1587 1586)
4(1572 1587 842 845)
4(1582 841 842 1587)
4(1568 1483 1488 1583)
4(902 1583 1488 883)
4(1569 1484 1489 1584)
4(1583 1584 1489 1488)
4(1570 1485 1490 1585)
4(1584 1585 1490 1489)
4(1571 1486 1491 1586)
4(1585 1586 1491 1490)
4(1572 1487 1492 1587)
4(1586 1587 1492 1491)
4(1587 842 831 1492)
4(543 1573 1588 544)
4(900 903 1588 1573)
4(135 544 1588 903)
4(536 1574 1589 537)
4(1573 1588 1589 1574)
4(544 537 1589 1588)
4(529 1575 1590 530)
4(1574 1589 1590 1575)
4(537 530 1590 1589)
4(522 1576 1591 523)
4(1575 1590 1591 1576)
4(530 523 1591 1590)
4(515 1577 1592 516)
4(1576 1591 1592 1577)
4(523 516 1592 1591)
4(1577 1592 837 840)
4(516 123 837 1592)
4(1573 1578 1593 1588)
4(901 904 1593 1578)
4(903 1588 1593 904)
4(1574 1579 1594 1589)
4(1578 1593 1594 1579)
4(1588 1589 1594 1593)
4(1575 1580 1595 1590)
4(1579 1594 1595 1580)
4(1589 1590 1595 1594)
4(1576 1581 1596 1591)
4(1580 1595 1596 1581)
4(1590 1591 1596 1595)
4(1577 1582 1597 1592)
4(1581 1596 1597 1582)
4(1591 1592 1597 1596)
4(1582 1597 838 841)
4(1592 837 838 1597)
4(1578 1583 1598 1593)
4(902 905 1598 1583)
4(904 1593 1598 905)
4(1579 1584 1599 1594)
4(1583 1598 1599 1584)
4(1593 1594 1599 1598)
4(1580 1585 1600 1595)
4(1584 1599 1600 1585)
4(1594 1595 1600 1599)
4(1581 1586 1601 1596)
4(1585 1600 1601 1586)
4(1595 1596 1601 1600)
4(1582 1587 1602 1597)
4(1586 1601 1602 1587)
4(1596 1597 1602 1601)
4(1587 1602 839 842)
4(1597 838 839 1602)
4(1583 1488 1493 1598)
4(905 1598 1493 884)
4(1584 1489 1494 1599)
4(1598 1599 1494 1493)
4(1585 1490 1495 1600)
4(1599 1600 1495 1494)
4(1586 1491 1496 1601)
4(1600 1601 1496 1495)
4(1587 1492 1497 1602)
4(1601 1602 1497 1496)
4(1602 839 830 1497)
4(544 1588 674 134)
4(903 194 674 1588)
4(537 1589 675 133)
4(1588 674 675 1589)
4(530 1590 676 132)
4(1589 675 676 1590)
4(523 1591 677 131)
4(1590 676 677 1591)
4(516 1592 678 130)
4(1591 677 678 1592)
4(1592 678 198 837)
4(1588 1593 679 674)
4(904 195 679 1593)
4(1589 1594 680 675)
4(1593 679 680 1594)
4(1590 1595 681 676)
4(1594 680 681 1595)
4(1591 1596 682 677)
4(1595 681 682 1596)
4(1592 1597 683 678)
4(1596 682 683 1597)
4(1597 683 199 838)
4(1593 1598 684 679)
4(905 196 684 1598)
4(1594 1599 685 680)
4(1598 684 685 1599)
4(1595 1600 686 681)
4(1599 685 686 1600)
4(1596 1601 687 682)
4(1600 686 687 1601)
4(1597 1602 688 683)
4(1601 687 688 1602)
4(1602 688 200 839)
4(1598 1493 689 684)
4(1599 1494 690 685)
4(1600 1495 691 686)
4(1601 1496 692 687)
4(1602 1497 693 688)
3(263 994 910)
4(283 275 910 994)
4(23 283 994 263)
3(262 995 909)
4(994 910 909 995)
4(263 994 995 262)
3(261 996 908)
4(995 909 908 996)
4(262 995 996 261)
3(260 997 907)
4(996 908 907 997)
4(261 996 997 260)
3(259 998 906)
4(997 907 906 998)
4(260 997 998 259)
4(998 906 258 279)
4(259 998 279 22)
4(910 994 1633 915)
4(274 915 1633 1020)
4(283 1020 1633 994)
4(909 995 1634 914)
4(915 914 1634 1633)
4(994 1633 1634 995)
4(908 996 1635 913)
4(914 913 1635 1634)
4(995 1634 1635 996)
4(907 997 1636 912)
4(913 912 1636 1635)
4(996 1635 1636 997)
4(906 998 1637 911)
4(912 911 1637 1636)
4(997 1636 1637 998)
4(911 257 966 1637)
4(998 1637 966 279)
4(915 1633 1628 920)
4(273 920 1628 1019)
4(1020 1019 1628 1633)
4(914 1634 1629 919)
4(920 919 1629 1628)
4(1633 1628 1629 1634)
4(913 1635 1630 918)
4(919 918 1630 1629)
4(1634 1629 1630 1635)
4(912 1636 1631 917)
4(918 917 1631 1630)
4(1635 1630 1631 1636)
4(911 1637 1632 916)
4(917 916 1632 1631)
4(1636 1631 1632 1637)
4(916 256 967 1632)
4(1637 1632 967 966)
3(920 1628 925)
4(1019 272 925 1628)
3(919 1629 924)
4(1628 925 924 1629)
3(918 1630 923)
4(1629 924 923 1630)
3(917 1631 922)
4(1630 923 922 1631)
3(916 1632 921)
4(1631 922 921 1632)
4(1632 921 255 967)
4(925 1628 1623 930)
4(271 930 1623 1018)
4(1019 1018 1623 1628)
4(924 1629 1624 929)
4(930 929 1624 1623)
4(1628 1623 1624 1629)
4(923 1630 1625 928)
4(929 928 1625 1624)
4(1629 1624 1625 1630)
4(922 1631 1626 927)
4(928 927 1626 1625)
4(1630 1625 1626 1631)
4(921 1632 1627 926)
4(927 926 1627 1626)
4(1631 1626 1627 1632)
4(926 254 968 1627)
4(1632 1627 968 967)
4(930 1623 1618 935)
4(270 935 1618 1017)
4(1018 1017 1618 1623)
4(929 1624 1619 934)
4(935 934 1619 1618)
4(1623 1618 1619 1624)
4(928 1625 1620 933)
4(934 933 1620 1619)
4(1624 1619 1620 1625)
4(927 1626 1621 932)
4(933 932 1621 1620)
4(1625 1620 1621 1626)
4(926 1627 1622 931)
4(932 931 1622 1621)
4(1626 1621 1622 1627)
4(931 253 969 1622)
4(1627 1622 969 968)
3(935 1618 940)
4(1017 269 940 1618)
3(934 1619 939)
4(1618 940 939 1619)
3(933 1620 938)
4(1619 939 938 1620)
3(932 1621 937)
4(1620 938 937 1621)
3(931 1622 936)
4(1621 937 936 1622)
4(1622 936 252 969)
4(940 1618 1613 945)
4(268 945 1613 1016)
4(1017 1016 1613 1618)
4(939 1619 1614 944)
4(945 944 1614 1613)
4(1618 1613 1614 1619)
4(938 1620 1615 943)
4(944 943 1615 1614)
4(1619 1614 1615 1620)
4(937 1621 1616 942)
4(943 942 1616 1615)
4(1620 1615 1616 1621)
4(936 1622 1617 941)
4(942 941 1617 1616)
4(1621 1616 1617 1622)
4(941 251 970 1617)
4(1622 1617 970 969)
4(945 1613 1608 950)
4(267 950 1608 1015)
4(1016 1015 1608 1613)
4(944 1614 1609 949)
4(950 949 1609 1608)
4(1613 1608 1609 1614)
4(943 1615 1610 948)
4(949 948 1610 1609)
4(1614 1609 1610 1615)
4(942 1616 1611 947)
4(948 947 1611 1610)
4(1615 1610 1611 1616)
4(941 1617 1612 946)
4(947 946 1612 1611)
4(1616 1611 1612 1617)
4(946 250 971 1612)
4(1617 1612 971 970)
3(950 1608 955)
4(1015 266 955 1608)
3(949 1609 954)
4(1608 955 954 1609)
3(948 1610 953)
4(1609 954 953 1610)
3(947 1611 952)
4(1610 953 952 1611)
3(946 1612 951)
4(1611 952 951 1612)
4(1612 951 249 971)
4(955 1608 1603 960)
4(265 960 1603 1014)
4(1015 1014 1603 1608)
4(954 1609 1604 959)
4(960 959 1604 1603)
4(1608 1603 1604 1609)
4(953 1610 1605 958)
4(959 958 1605 1604)
4(1609 1604 1605 1610)
4(952 1611 1606 957)
4(958 957 1606 1605)
4(1610 1605 1606 1611)
4(951 1612 1607 956)
4(957 956 1607 1606)
4(1611 1606 1607 1612)
4(956 248 972 1607)
4(1612 1607 972 971)
4(960 1603 722 965)
4(264 965 722 205)
4(1014 205 722 1603)
4(959 1604 723 964)
4(965 964 723 722)
4(1603 722 723 1604)
4(958 1605 724 963)
4(964 963 724 723)
4(1604 723 724 1605)
4(957 1606 725 962)
4(963 962 725 724)
4(1605 724 725 1606)
4(956 1607 726 961)
4(962 961 726 725)
4(1606 725 726 1607)
4(961 247 209 726)
4(1607 726 209 972)
3(965 722 181)
3(964 723 180)
3(963 724 179)
3(962 725 178)
3(961 726 177)
4(111 737 1638 453)
4(202 1021 1638 737)
4(106 453 1638 1021)
4(110 738 1639 454)
4(737 1638 1639 738)
4(453 454 1639 1638)
4(109 739 1640 455)
4(738 1639 1640 739)
4(454 455 1640 1639)
4(108 740 1641 456)
4(739 1640 1641 740)
4(455 456 1641 1640)
4(107 741 1642 457)
4(740 1641 1642 741)
4(456 457 1642 1641)
4(741 1642 991 206)
4(457 118 991 1642)
4(737 732 1643 1638)
4(203 1022 1643 732)
4(1021 1638 1643 1022)
4(738 733 1644 1639)
4(732 1643 1644 733)
4(1638 1639 1644 1643)
4(739 734 1645 1640)
4(733 1644 1645 734)
4(1639 1640 1645 1644)
4(740 735 1646 1641)
4(734 1645 1646 735)
4(1640 1641 1646 1645)
4(741 736 1647 1642)
4(735 1646 1647 736)
4(1641 1642 1647 1646)
4(736 1647 992 207)
4(1642 991 992 1647)
4(732 727 1648 1643)
4(204 1023 1648 727)
4(1022 1643 1648 1023)
4(733 728 1649 1644)
4(727 1648 1649 728)
4(1643 1644 1649 1648)
4(734 729 1650 1645)
4(728 1649 1650 729)
4(1644 1645 1650 1649)
4(735 730 1651 1646)
4(729 1650 1651 730)
4(1645 1646 1651 1650)
4(736 731 1652 1647)
4(730 1651 1652 731)
4(1646 1647 1652 1651)
4(731 1652 993 208)
4(1647 992 993 1652)
4(727 722 1603 1648)
4(1023 1648 1603 1014)
4(728 723 1604 1649)
4(1648 1649 1604 1603)
4(729 724 1605 1650)
4(1649 1650 1605 1604)
4(730 725 1606 1651)
4(1650 1651 1606 1605)
4(731 726 1607 1652)
4(1651 1652 1607 1606)
4(1652 993 972 1607)
4(453 1638 1653 458)
4(1021 1024 1653 1638)
4(105 458 1653 1024)
4(454 1639 1654 459)
4(1638 1653 1654 1639)
4(458 459 1654 1653)
4(455 1640 1655 460)
4(1639 1654 1655 1640)
4(459 460 1655 1654)
4(456 1641 1656 461)
4(1640 1655 1656 1641)
4(460 461 1656 1655)
4(457 1642 1657 462)
4(1641 1656 1657 1642)
4(461 462 1657 1656)
4(1642 1657 988 991)
4(462 117 988 1657)
4(1638 1643 1658 1653)
4(1022 1025 1658 1643)
4(1024 1653 1658 1025)
4(1639 1644 1659 1654)
4(1643 1658 1659 1644)
4(1653 1654 1659 1658)
4(1640 1645 1660 1655)
4(1644 1659 1660 1645)
4(1654 1655 1660 1659)
4(1641 1646 1661 1656)
4(1645 1660 1661 1646)
4(1655 1656 1661 1660)
4(1642 1647 1662 1657)
4(1646 1661 1662 1647)
4(1656 1657 1662 1661)
4(1647 1662 989 992)
4(1657 988 989 1662)
4(1643 1648 1663 1658)
4(1023 1026 1663 1648)
4(1025 1658 1663 1026)
4(1644 1649 1664 1659)
4(1648 1663 1664 1649)
4(1658 1659 1664 1663)
4(1645 1650 1665 1660)
4(1649 1664 1665 1650)
4(1659 1660 1665 1664)
4(1646 1651 1666 1661)
4(1650 1665 1666 1651)
4(1660 1661 1666 1665)
4(1647 1652 1667 1662)
4(1651 1666 1667 1652)
4(1661 1662 1667 1666)
4(1652 1667 990 993)
4(1662 989 990 1667)
4(1648 1603 1608 1663)
4(1026 1663 1608 1015)
4(1649 1604 1609 1664)
4(1663 1664 1609 1608)
4(1650 1605 1610 1665)
4(1664 1665 1610 1609)
4(1651 1606 1611 1666)
4(1665 1666 1611 1610)
4(1652 1607 1612 1667)
4(1666 1667 1612 1611)
4(1667 990 971 1612)
4(458 1653 1668 463)
4(1024 1027 1668 1653)
4(104 463 1668 1027)
4(459 1654 1669 464)
4(1653 1668 1669 1654)
4(463 464 1669 1668)
4(460 1655 1670 465)
4(1654 1669 1670 1655)
4(464 465 1670 1669)
4(461 1656 1671 466)
4(1655 1670 1671 1656)
4(465 466 1671 1670)
4(462 1657 1672 467)
4(1656 1671 1672 1657)
4(466 467 1672 1671)
4(1657 1672 985 988)
4(467 116 985 1672)
4(1653 1658 1673 1668)
4(1025 1028 1673 1658)
4(1027 1668 1673 1028)
4(1654 1659 1674 1669)
4(1658 1673 1674 1659)
4(1668 1669 1674 1673)
4(1655 1660 1675 1670)
4(1659 1674 1675 1660)
4(1669 1670 1675 1674)
4(1656 1661 1676 1671)
4(1660 1675 1676 1661)
4(1670 1671 1676 1675)
4(1657 1662 1677 1672)
4(1661 1676 1677 1662)
4(1671 1672 1677 1676)
4(1662 1677 986 989)
4(1672 985 986 1677)
4(1658 1663 1678 1673)
4(1026 1029 1678 1663)
4(1028 1673 1678 1029)
4(1659 1664 1679 1674)
4(1663 1678 1679 1664)
4(1673 1674 1679 1678)
4(1660 1665 1680 1675)
4(1664 1679 1680 1665)
4(1674 1675 1680 1679)
4(1661 1666 1681 1676)
4(1665 1680 1681 1666)
4(1675 1676 1681 1680)
4(1662 1667 1682 1677)
4(1666 1681 1682 1667)
4(1676 1677 1682 1681)
4(1667 1682 987 990)
4(1677 986 987 1682)
4(1663 1608 1613 1678)
4(1029 1678 1613 1016)
4(1664 1609 1614 1679)
4(1678 1679 1614 1613)
4(1665 1610 1615 1680)
4(1679 1680 1615 1614)
4(1666 1611 1616 1681)
4(1680 1681 1616 1615)
4(1667 1612 1617 1682)
4(1681 1682 1617 1616)
4(1682 987 970 1617)
4(463 1668 1683 468)
4(1027 1030 1683 1668)
4(103 468 1683 1030)
4(464 1669 1684 469)
4(1668 1683 1684 1669)
4(468 469 1684 1683)
4(465 1670 1685 470)
4(1669 1684 1685 1670)
4(469 470 1685 1684)
4(466 1671 1686 471)
4(1670 1685 1686 1671)
4(470 471 1686 1685)
4(467 1672 1687 472)
4(1671 1686 1687 1672)
4(471 472 1687 1686)
4(1672 1687 982 985)
4(472 115 982 1687)
4(1668 1673 1688 1683)
4(1028 1031 1688 1673)
4(1030 1683 1688 1031)
4(1669 1674 1689 1684)
4(1673 1688 1689 1674)
4(1683 1684 1689 1688)
4(1670 1675 1690 1685)
4(1674 1689 1690 1675)
4(1684 1685 1690 1689)
4(1671 1676 1691 1686)
4(1675 1690 1691 1676)
4(1685 1686 1691 1690)
4(1672 1677 1692 1687)
4(1676 1691 1692 1677)
4(1686 1687 1692 1691)
4(1677 1692 983 986)
4(1687 982 983 1692)
4(1673 1678 1693 1688)
4(1029 1032 1693 1678)
4(1031 1688 1693 1032)
4(1674 1679 1694 1689)
4(1678 1693 1694 1679)
4(1688 1689 1694 1693)
4(1675 1680 1695 1690)
4(1679 1694 1695 1680)
4(1689 1690 1695 1694)
4(1676 1681 1696 1691)
4(1680 1695 1696 1681)
4(1690 1691 1696 1695)
4(1677 1682 1697 1692)
4(1681 1696 1697 1682)
4(1691 1692 1697 1696)
4(1682 1697 984 987)
4(1692 983 984 1697)
4(1678 1613 1618 1693)
4(1032 1693 1618 1017)
4(1679 1614 1619 1694)
4(1693 1694 1619 1618)
4(1680 1615 1620 1695)
4(1694 1695 1620 1619)
4(1681 1616 1621 1696)
4(1695 1696 1621 1620)
4(1682 1617 1622 1697)
4(1696 1697 1622 1621)
4(1697 984 969 1622)
4(468 1683 1698 473)
4(1030 1033 1698 1683)
4(102 473 1698 1033)
4(469 1684 1699 474)
4(1683 1698 1699 1684)
4(473 474 1699 1698)
4(470 1685 1700 475)
4(1684 1699 1700 1685)
4(474 475 1700 1699)
4(471 1686 1701 476)
4(1685 1700 1701 1686)
4(475 476 1701 1700)
4(472 1687 1702 477)
4(1686 1701 1702 1687)
4(476 477 1702 1701)
4(1687 1702 979 982)
4(477 114 979 1702)
4(1683 1688 1703 1698)
4(1031 1034 1703 1688)
4(1033 1698 1703 1034)
4(1684 1689 1704 1699)
4(1688 1703 1704 1689)
4(1698 1699 1704 1703)
4(1685 1690 1705 1700)
4(1689 1704 1705 1690)
4(1699 1700 1705 1704)
4(1686 1691 1706 1701)
4(1690 1705 1706 1691)
4(1700 1701 1706 1705)
4(1687 1692 1707 1702)
4(1691 1706 1707 1692)
4(1701 1702 1707 1706)
4(1692 1707 980 983)
4(1702 979 980 1707)
4(1688 1693 1708 1703)
4(1032 1035 1708 1693)
4(1034 1703 1708 1035)
4(1689 1694 1709 1704)
4(1693 1708 1709 1694)
4(1703 1704 1709 1708)
4(1690 1695 1710 1705)
4(1694 1709 1710 1695)
4(1704 1705 1710 1709)
4(1691 1696 1711 1706)
4(1695 1710 1711 1696)
4(1705 1706 1711 1710)
4(1692 1697 1712 1707)
4(1696 1711 1712 1697)
4(1706 1707 1712 1711)
4(1697 1712 981 984)
4(1707 980 981 1712)
4(1693 1618 1623 1708)
4(1035 1708 1623 1018)
4(1694 1619 1624 1709)
4(1708 1709 1624 1623)
4(1695 1620 1625 1710)
4(1709 1710 1625 1624)
4(1696 1621 1626 1711)
4(1710 1711 1626 1625)
4(1697 1622 1627 1712)
4(1711 1712 1627 1626)
4(1712 981 968 1627)
4(473 1698 1713 478)
4(1033 1036 1713 1698)
4(101 478 1713 1036)
4(474 1699 1714 479)
4(1698 1713 1714 1699)
4(478 479 1714 1713)
4(475 1700 1715 480)
4(1699 1714 1715 1700)
4(479 480 1715 1714)
4(476 1701 1716 481)
4(1700 1715 1716 1701)
4(480 481 1716 1715)
4(477 1702 1717 482)
4(1701 1716 1717 1702)
4(481 482 1717 1716)
4(1702 1717 976 979)
4(482 113 976 1717)
4(1698 1703 1718 1713)
4(1034 1037 1718 1703)
4(1036 1713 1718 1037)
4(1699 1704 1719 1714)
4(1703 1718 1719 1704)
4(1713 1714 1719 1718)
4(1700 1705 1720 1715)
4(1704 1719 1720 1705)
4(1714 1715 1720 1719)
4(1701 1706 1721 1716)
4(1705 1720 1721 1706)
4(1715 1716 1721 1720)
4(1702 1707 1722 1717)
4(1706 1721 1722 1707)
4(1716 1717 1722 1721)
4(1707 1722 977 980)
4(1717 976 977 1722)
4(1703 1708 1723 1718)
4(1035 1038 1723 1708)
4(1037 1718 1723 1038)
4(1704 1709 1724 1719)
4(1708 1723 1724 1709)
4(1718 1719 1724 1723)
4(1705 1710 1725 1720)
4(1709 1724 1725 1710)
4(1719 1720 1725 1724)
4(1706 1711 1726 1721)
4(1710 1725 1726 1711)
4(1720 1721 1726 1725)
4(1707 1712 1727 1722)
4(1711 1726 1727 1712)
4(1721 1722 1727 1726)
4(1712 1727 978 981)
4(1722 977 978 1727)
4(1708 1623 1628 1723)
4(1038 1723 1628 1019)
4(1709 1624 1629 1724)
4(1723 1724 1629 1628)
4(1710 1625 1630 1725)
4(1724 1725 1630 1629)
4(1711 1626 1631 1726)
4(1725 1726 1631 1630)
4(1712 1627 1632 1727)
4(1726 1727 1632 1631)
4(1727 978 967 1632)
4(478 1713 1728 483)
4(1036 1039 1728 1713)
4(100 483 1728 1039)
4(479 1714 1729 484)
4(1713 1728 1729 1714)
4(483 484 1729 1728)
4(480 1715 1730 485)
4(1714 1729 1730 1715)
4(484 485 1730 1729)
4(481 1716 1731 486)
4(1715 1730 1731 1716)
4(485 486 1731 1730)
4(482 1717 1732 487)
4(1716 1731 1732 1717)
4(486 487 1732 1731)
4(1717 1732 973 976)
4(487 112 973 1732)
4(1713 1718 1733 1728)
4(1037 1040 1733 1718)
4(1039 1728 1733 1040)
4(1714 1719 1734 1729)
4(1718 1733 1734 1719)
4(1728 1729 1734 1733)
4(1715 1720 1735 1730)
4(1719 1734 1735 1720)
4(1729 1730 1735 1734)
4(1716 1721 1736 1731)
4(1720 1735 1736 1721)
4(1730 1731 1736 1735)
4(1717 1722 1737 1732)
4(1721 1736 1737 1722)
4(1731 1732 1737 1736)
4(1722 1737 974 977)
4(1732 973 974 1737)
4(1718 1723 1738 1733)
4(1038 1041 1738 1723)
4(1040 1733 1738 1041)
4(1719 1724 1739 1734)
4(1723 1738 1739 1724)
4(1733 1734 1739 1738)
4(1720 1725 1740 1735)
4(1724 1739 1740 1725)
4(1734 1735 1740 1739)
4(1721 1726 1741 1736)
4(1725 1740 1741 1726)
4(1735 1736 1741 1740)
4(1722 1727 1742 1737)
4(1726 1741 1742 1727)
4(1736 1737 1742 1741)
4(1727 1742 975 978)
4(1737 974 975 1742)
4(1723 1628 1633 1738)
4(1041 1738 1633 1020)
4(1724 1629 1634 1739)
4(1738 1739 1634 1633)
4(1725 1630 1635 1740)
4(1739 1740 1635 1634)
4(1726 1631 1636 1741)
4(1740 1741 1636 1635)
4(1727 1632 1637 1742)
4(1741 1742 1637 1636)
4(1742 975 966 1637)
4(483 1728 1009 72)
4(1039 280 1009 1728)
4(9 72 1009 280)
4(484 1729 1010 71)
4(1728 1009 1010 1729)
4(72 71 1010 1009)
4(485 1730 1011 70)
4(1729 1010 1011 1730)
4(71 70 1011 1010)
4(486 1731 1012 69)
4(1730 1011 1012 1731)
4(70 69 1012 1011)
4(487 1732 1013 68)
4(1731 1012 1013 1732)
4(69 68 1013 1012)
4(1732 1013 276 973)
4(68 8 276 1013)
4(1728 1733 1004 1009)
4(1040 281 1004 1733)
4(280 1009 1004 281)
4(1729 1734 1005 1010)
4(1733 1004 1005 1734)
4(1009 1010 1005 1004)
4(1730 1735 1006 1011)
4(1734 1005 1006 1735)
4(1010 1011 1006 1005)
4(1731 1736 1007 1012)
4(1735 1006 1007 1736)
4(1011 1012 1007 1006)
4(1732 1737 1008 1013)
4(1736 1007 1008 1737)
4(1012 1013 1008 1007)
4(1737 1008 277 974)
4(1013 276 277 1008)
4(1733 1738 999 1004)
4(1041 282 999 1738)
4(281 1004 999 282)
4(1734 1739 1000 1005)
4(1738 999 1000 1739)
4(1004 1005 1000 999)
4(1735 1740 1001 1006)
4(1739 1000 1001 1740)
4(1005 1006 1001 1000)
4(1736 1741 1002 1007)
4(1740 1001 1002 1741)
4(1006 1007 1002 1001)
4(1737 1742 1003 1008)
4(1741 1002 1003 1742)
4(1007 1008 1003 1002)
4(1742 1003 278 975)
4(1008 277 278 1003)
4(1738 1633 994 999)
4(282 999 994 283)
4(1739 1634 995 1000)
4(999 1000 995 994)
4(1740 1635 996 1001)
4(1000 1001 996 995)
4(1741 1636 997 1002)
4(1001 1002 997 996)
4(1742 1637 998 1003)
4(1002 1003 998 997)
4(1003 278 279 998)
3(259 998 1101)
4(279 307 1101 998)
3(260 997 1089)
4(998 1101 1089 997)
3(261 996 1077)
4(997 1089 1077 996)
3(262 995 1065)
4(996 1077 1065 995)
3(263 994 1053)
4(995 1065 1053 994)
4(994 1053 295 283)
4(1101 998 1773 1100)
4(306 1100 1773 1136)
4(279 1136 1773 998)
4(1089 997 1774 1088)
4(1100 1088 1774 1773)
4(998 1773 1774 997)
4(1077 996 1775 1076)
4(1088 1076 1775 1774)
4(997 1774 1775 996)
4(1065 995 1776 1064)
4(1076 1064 1776 1775)
4(996 1775 1776 995)
4(1053 994 1777 1052)
4(1064 1052 1777 1776)
4(995 1776 1777 994)
4(1052 294 1102 1777)
4(994 1777 1102 283)
4(1100 1773 1768 1099)
4(305 1099 1768 1135)
4(1136 1135 1768 1773)
4(1088 1774 1769 1087)
4(1099 1087 1769 1768)
4(1773 1768 1769 1774)
4(1076 1775 1770 1075)
4(1087 1075 1770 1769)
4(1774 1769 1770 1775)
4(1064 1776 1771 1063)
4(1075 1063 1771 1770)
4(1775 1770 1771 1776)
4(1052 1777 1772 1051)
4(1063 1051 1772 1771)
4(1776 1771 1772 1777)
4(1051 293 1103 1772)
4(1777 1772 1103 1102)
3(1099 1768 1098)
4(1135 304 1098 1768)
3(1087 1769 1086)
4(1768 1098 1086 1769)
3(1075 1770 1074)
4(1769 1086 1074 1770)
3(1063 1771 1062)
4(1770 1074 1062 1771)
3(1051 1772 1050)
4(1771 1062 1050 1772)
4(1772 1050 292 1103)
4(1098 1768 1763 1097)
4(303 1097 1763 1134)
4(1135 1134 1763 1768)
4(1086 1769 1764 1085)
4(1097 1085 1764 1763)
4(1768 1763 1764 1769)
4(1074 1770 1765 1073)
4(1085 1073 1765 1764)
4(1769 1764 1765 1770)
4(1062 1771 1766 1061)
4(1073 1061 1766 1765)
4(1770 1765 1766 1771)
4(1050 1772 1767 1049)
4(1061 1049 1767 1766)
4(1771 1766 1767 1772)
4(1049 291 1104 1767)
4(1772 1767 1104 1103)
4(1097 1763 1758 1096)
4(302 1096 1758 1133)
4(1134 1133 1758 1763)
4(1085 1764 1759 1084)
4(1096 1084 1759 1758)
4(1763 1758 1759 1764)
4(1073 1765 1760 1072)
4(1084 1072 1760 1759)
4(1764 1759 1760 1765)
4(1061 1766 1761 1060)
4(1072 1060 1761 1760)
4(1765 1760 1761 1766)
4(1049 1767 1762 1048)
4(1060 1048 1762 1761)
4(1766 1761 1762 1767)
4(1048 290 1105 1762)
4(1767 1762 1105 1104)
3(1096 1758 1095)
4(1133 301 1095 1758)
3(1084 1759 1083)
4(1758 1095 1083 1759)
3(1072 1760 1071)
4(1759 1083 1071 1760)
3(1060 1761 1059)
4(1760 1071 1059 1761)
3(1048 1762 1047)
4(1761 1059 1047 1762)
4(1762 1047 289 1105)
4(1095 1758 1753 1094)
4(300 1094 1753 1132)
4(1133 1132 1753 1758)
4(1083 1759 1754 1082)
4(1094 1082 1754 1753)
4(1758 1753 1754 1759)
4(1071 1760 1755 1070)
4(1082 1070 1755 1754)
4(1759 1754 1755 1760)
4(1059 1761 1756 1058)
4(1070 1058 1756 1755)
4(1760 1755 1756 1761)
4(1047 1762 1757 1046)
4(1058 1046 1757 1756)
4(1761 1756 1757 1762)
4(1046 288 1106 1757)
4(1762 1757 1106 1105)
4(1094 1753 1748 1093)
4(299 1093 1748 1131)
4(1132 1131 1748 1753)
4(1082 1754 1749 1081)
4(1093 1081 1749 1748)
4(1753 1748 1749 1754)
4(1070 1755 1750 1069)
4(1081 1069 1750 1749)
4(1754 1749 1750 1755)
4(1058 1756 1751 1057)
4(1069 1057 1751 1750)
4(1755 1750 1751 1756)
4(1046 1757 1752 1045)
4(1057 1045 1752 1751)
4(1756 1751 1752 1757)
4(1045 287 1107 1752)
4(1757 1752 1107 1106)
3(1093 1748 1092)
4(1131 298 1092 1748)
3(1081 1749 1080)
4(1748 1092 1080 1749)
3(1069 1750 1068)
4(1749 1080 1068 1750)
3(1057 1751 1056)
4(1750 1068 1056 1751)
3(1045 1752 1044)
4(1751 1056 1044 1752)
4(1752 1044 286 1107)
4(1092 1748 1743 1091)
4(297 1091 1743 1130)
4(1131 1130 1743 1748)
4(1080 1749 1744 1079)
4(1091 1079 1744 1743)
4(1748 1743 1744 1749)
4(1068 1750 1745 1067)
4(1079 1067 1745 1744)
4(1749 1744 1745 1750)
4(1056 1751 1746 1055)
4(1067 1055 1746 1745)
4(1750 1745 1746 1751)
4(1044 1752 1747 1043)
4(1055 1043 1747 1746)
4(1751 1746 1747 1752)
4(1043 285 1108 1747)
4(1752 1747 1108 1107)
4(1091 1743 877 1090)
4(296 1090 877 242)
4(1130 242 877 1743)
4(1079 1744 876 1078)
4(1090 1078 876 877)
4(1743 877 876 1744)
4(1067 1745 875 1066)
4(1078 1066 875 876)
4(1744 876 875 1745)
4(1055 1746 874 1054)
4(1066 1054 874 875)
4(1745 875 874 1746)
4(1043 1747 873 1042)
4(1054 1042 873 874)
4(1746 874 873 1747)
4(1042 284 246 873)
4(1747 873 246 1108)
3(1090 877 222)
3(1078 876 223)
3(1066 875 224)
3(1054 874 225)
3(1042 873 226)
4(80 862 1778 392)
4(239 1137 1778 862)
4(73 392 1778 1137)
4(81 861 1779 399)
4(862 1778 1779 861)
4(392 399 1779 1778)
4(82 860 1780 406)
4(861 1779 1780 860)
4(399 406 1780 1779)
4(83 859 1781 413)
4(860 1780 1781 859)
4(406 413 1781 1780)
4(84 858 1782 420)
4(859 1781 1782 858)
4(413 420 1782 1781)
4(858 1782 1127 243)
4(420 85 1127 1782)
4(862 867 1783 1778)
4(240 1138 1783 867)
4(1137 1778 1783 1138)
4(861 866 1784 1779)
4(867 1783 1784 866)
4(1778 1779 1784 1783)
4(860 865 1785 1780)
4(866 1784 1785 865)
4(1779 1780 1785 1784)
4(859 864 1786 1781)
4(865 1785 1786 864)
4(1780 1781 1786 1785)
4(858 863 1787 1782)
4(864 1786 1787 863)
4(1781 1782 1787 1786)
4(863 1787 1128 244)
4(1782 1127 1128 1787)
4(867 872 1788 1783)
4(241 1139 1788 872)
4(1138 1783 1788 1139)
4(866 871 1789 1784)
4(872 1788 1789 871)
4(1783 1784 1789 1788)
4(865 870 1790 1785)
4(871 1789 1790 870)
4(1784 1785 1790 1789)
4(864 869 1791 1786)
4(870 1790 1791 869)
4(1785 1786 1791 1790)
4(863 868 1792 1787)
4(869 1791 1792 868)
4(1786 1787 1792 1791)
4(868 1792 1129 245)
4(1787 1128 1129 1792)
4(872 877 1743 1788)
4(1139 1788 1743 1130)
4(871 876 1744 1789)
4(1788 1789 1744 1743)
4(870 875 1745 1790)
4(1789 1790 1745 1744)
4(869 874 1746 1791)
4(1790 1791 1746 1745)
4(868 873 1747 1792)
4(1791 1792 1747 1746)
4(1792 1129 1108 1747)
4(392 1778 1793 391)
4(1137 1140 1793 1778)
4(74 391 1793 1140)
4(399 1779 1794 398)
4(1778 1793 1794 1779)
4(391 398 1794 1793)
4(406 1780 1795 405)
4(1779 1794 1795 1780)
4(398 405 1795 1794)
4(413 1781 1796 412)
4(1780 1795 1796 1781)
4(405 412 1796 1795)
4(420 1782 1797 419)
4(1781 1796 1797 1782)
4(412 419 1797 1796)
4(1782 1797 1124 1127)
4(419 86 1124 1797)
4(1778 1783 1798 1793)
4(1138 1141 1798 1783)
4(1140 1793 1798 1141)
4(1779 1784 1799 1794)
4(1783 1798 1799 1784)
4(1793 1794 1799 1798)
4(1780 1785 1800 1795)
4(1784 1799 1800 1785)
4(1794 1795 1800 1799)
4(1781 1786 1801 1796)
4(1785 1800 1801 1786)
4(1795 1796 1801 1800)
4(1782 1787 1802 1797)
4(1786 1801 1802 1787)
4(1796 1797 1802 1801)
4(1787 1802 1125 1128)
4(1797 1124 1125 1802)
4(1783 1788 1803 1798)
4(1139 1142 1803 1788)
4(1141 1798 1803 1142)
4(1784 1789 1804 1799)
4(1788 1803 1804 1789)
4(1798 1799 1804 1803)
4(1785 1790 1805 1800)
4(1789 1804 1805 1790)
4(1799 1800 1805 1804)
4(1786 1791 1806 1801)
4(1790 1805 1806 1791)
4(1800 1801 1806 1805)
4(1787 1792 1807 1802)
4(1791 1806 1807 1792)
4(1801 1802 1807 1806)
4(1792 1807 1126 1129)
4(1802 1125 1126 1807)
4(1788 1743 1748 1803)
4(1142 1803 1748 1131)
4(1789 1744 1749 1804)
4(1803 1804 1749 1748)
4(1790 1745 1750 1805)
4(1804 1805 1750 1749)
4(1791 1746 1751 1806)
4(1805 1806 1751 1750)
4(1792 1747 1752 1807)
4(1806 1807 1752 1751)
4(1807 1126 1107 1752)
4(391 1793 1808 390)
4(1140 1143 1808 1793)
4(75 390 1808 1143)
4(398 1794 1809 397)
4(1793 1808 1809 1794)
4(390 397 1809 1808)
4(405 1795 1810 404)
4(1794 1809 1810 1795)
4(397 404 1810 1809)
4(412 1796 1811 411)
4(1795 1810 1811 1796)
4(404 411 1811 1810)
4(419 1797 1812 418)
4(1796 1811 1812 1797)
4(411 418 1812 1811)
4(1797 1812 1121 1124)
4(418 87 1121 1812)
4(1793 1798 1813 1808)
4(1141 1144 1813 1798)
4(1143 1808 1813 1144)
4(1794 1799 1814 1809)
4(1798 1813 1814 1799)
4(1808 1809 1814 1813)
4(1795 1800 1815 1810)
4(1799 1814 1815 1800)
4(1809 1810 1815 1814)
4(1796 1801 1816 1811)
4(1800 1815 1816 1801)
4(1810 1811 1816 1815)
4(1797 1802 1817 1812)
4(1801 1816 1817 1802)
4(1811 1812 1817 1816)
4(1802 1817 1122 1125)
4(1812 1121 1122 1817)
4(1798 1803 1818 1813)
4(1142 1145 1818 1803)
4(1144 1813 1818 1145)
4(1799 1804 1819 1814)
4(1803 1818 1819 1804)
4(1813 1814 1819 1818)
4(1800 1805 1820 1815)
4(1804 1819 1820 1805)
4(1814 1815 1820 1819)
4(1801 1806 1821 1816)
4(1805 1820 1821 1806)
4(1815 1816 1821 1820)
4(1802 1807 1822 1817)
4(1806 1821 1822 1807)
4(1816 1817 1822 1821)
4(1807 1822 1123 1126)
4(1817 1122 1123 1822)
4(1803 1748 1753 1818)
4(1145 1818 1753 1132)
4(1804 1749 1754 1819)
4(1818 1819 1754 1753)
4(1805 1750 1755 1820)
4(1819 1820 1755 1754)
4(1806 1751 1756 1821)
4(1820 1821 1756 1755)
4(1807 1752 1757 1822)
4(1821 1822 1757 1756)
4(1822 1123 1106 1757)
4(390 1808 1823 389)
4(1143 1146 1823 1808)
4(76 389 1823 1146)
4(397 1809 1824 396)
4(1808 1823 1824 1809)
4(389 396 1824 1823)
4(404 1810 1825 403)
4(1809 1824 1825 1810)
4(396 403 1825 1824)
4(411 1811 1826 410)
4(1810 1825 1826 1811)
4(403 410 1826 1825)
4(418 1812 1827 417)
4(1811 1826 1827 1812)
4(410 417 1827 1826)
4(1812 1827 1118 1121)
4(417 88 1118 1827)
4(1808 1813 1828 1823)
4(1144 1147 1828 1813)
4(1146 1823 1828 1147)
4(1809 1814 1829 1824)
4(1813 1828 1829 1814)
4(1823 1824 1829 1828)
4(1810 1815 1830 1825)
4(1814 1829 1830 1815)
4(1824 1825 1830 1829)
4(1811 1816 1831 1826)
4(1815 1830 1831 1816)
4(1825 1826 1831 1830)
4(1812 1817 1832 1827)
4(1816 1831 1832 1817)
4(1826 1827 1832 1831)
4(1817 1832 1119 1122)
4(1827 1118 1119 1832)
4(1813 1818 1833 1828)
4(1145 1148 1833 1818)
4(1147 1828 1833 1148)
4(1814 1819 1834 1829)
4(1818 1833 1834 1819)
4(1828 1829 1834 1833)
4(1815 1820 1835 1830)
4(1819 1834 1835 1820)
4(1829 1830 1835 1834)
4(1816 1821 1836 1831)
4(1820 1835 1836 1821)
4(1830 1831 1836 1835)
4(1817 1822 1837 1832)
4(1821 1836 1837 1822)
4(1831 1832 1837 1836)
4(1822 1837 1120 1123)
4(1832 1119 1120 1837)
4(1818 1753 1758 1833)
4(1148 1833 1758 1133)
4(1819 1754 1759 1834)
4(1833 1834 1759 1758)
4(1820 1755 1760 1835)
4(1834 1835 1760 1759)
4(1821 1756 1761 1836)
4(1835 1836 1761 1760)
4(1822 1757 1762 1837)
4(1836 1837 1762 1761)
4(1837 1120 1105 1762)
4(389 1823 1838 388)
4(1146 1149 1838 1823)
4(77 388 1838 1149)
4(396 1824 1839 395)
4(1823 1838 1839 1824)
4(388 395 1839 1838)
4(403 1825 1840 402)
4(1824 1839 1840 1825)
4(395 402 1840 1839)
4(410 1826 1841 409)
4(1825 1840 1841 1826)
4(402 409 1841 1840)
4(417 1827 1842 416)
4(1826 1841 1842 1827)
4(409 416 1842 1841)
4(1827 1842 1115 1118)
4(416 89 1115 1842)
4(1823 1828 1843 1838)
4(1147 1150 1843 1828)
4(1149 1838 1843 1150)
4(1824 1829 1844 1839)
4(1828 1843 1844 1829)
4(1838 1839 1844 1843)
4(1825 1830 1845 1840)
4(1829 1844 1845 1830)
4(1839 1840 1845 1844)
4(1826 1831 1846 1841)
4(1830 1845 1846 1831)
4(1840 1841 1846 1845)
4(1827 1832 1847 1842)
4(1831 1846 1847 1832)
4(1841 1842 1847 1846)
4(1832 1847 1116 1119)
4(1842 1115 1116 1847)
4(1828 1833 1848 1843)
4(1148 1151 1848 1833)
4(1150 1843 1848 1151)
4(1829 1834 1849 1844)
4(1833 1848 1849 1834)
4(1843 1844 1849 1848)
4(1830 1835 1850 1845)
4(1834 1849 1850 1835)
4(1844 1845 1850 1849)
4(1831 1836 1851 1846)
4(1835 1850 1851 1836)
4(1845 1846 1851 1850)
4(1832 1837 1852 1847)
4(1836 1851 1852 1837)
4(1846 1847 1852 1851)
4(1837 1852 1117 1120)
4(1847 1116 1117 1852)
4(1833 1758 1763 1848)
4(1151 1848 1763 1134)
4(1834 1759 1764 1849)
4(1848 1849 1764 1763)
4(1835 1760 1765 1850)
4(1849 1850 1765 1764)
4(1836 1761 1766 1851)
4(1850 1851 1766 1765)
4(1837 1762 1767 1852)
4(1851 1852 1767 1766)
4(1852 1117 1104 1767)
4(388 1838 1853 387)
4(1149 1152 1853 1838)
4(78 387 1853 1152)
4(395 1839 1854 394)
4(1838 1853 1854 1839)
4(387 394 1854 1853)
4(402 1840 1855 401)
4(1839 1854 1855 1840)
4(394 401 1855 1854)
4(409 1841 1856 408)
4(1840 1855 1856 1841)
4(401 408 1856 1855)
4(416 1842 1857 415)
4(1841 1856 1857 1842)
4(408 415 1857 1856)
4(1842 1857 1112 1115)
4(415 90 1112 1857)
4(1838 1843 1858 1853)
4(1150 1153 1858 1843)
4(1152 1853 1858 1153)
4(1839 1844 1859 1854)
4(1843 1858 1859 1844)
4(1853 1854 1859 1858)
4(1840 1845 1860 1855)
4(1844 1859 1860 1845)
4(1854 1855 1860 1859)
4(1841 1846 1861 1856)
4(1845 1860 1861 1846)
4(1855 1856 1861 1860)
4(1842 1847 1862 1857)
4(1846 1861 1862 1847)
4(1856 1857 1862 1861)
4(1847 1862 1113 1116)
4(1857 1112 1113 1862)
4(1843 1848 1863 1858)
4(1151 1154 1863 1848)
4(1153 1858 1863 1154)
4(1844 1849 1864 1859)
4(1848 1863 1864 1849)
4(1858 1859 1864 1863)
4(1845 1850 1865 1860)
4(1849 1864 1865 1850)
4(1859 1860 1865 1864)
4(1846 1851 1866 1861)
4(1850 1865 1866 1851)
4(1860 1861 1866 1865)
4(1847 1852 1867 1862)
4(1851 1866 1867 1852)
4(1861 1862 1867 1866)
4(1852 1867 1114 1117)
4(1862 1113 1114 1867)
4(1848 1763 1768 1863)
4(1154 1863 1768 1135)
4(1849 1764 1769 1864)
4(1863 1864 1769 1768)
4(1850 1765 1770 1865)
4(1864 1865 1770 1769)
4(1851 1766 1771 1866)
4(1865 1866 1771 1770)
4(1852 1767 1772 1867)
4(1866 1867 1772 1771)
4(1867 1114 1103 1772)
4(387 1853 1868 386)
4(1152 1155 1868 1853)
4(79 386 1868 1155)
4(394 1854 1869 393)
4(1853 1868 1869 1854)
4(386 393 1869 1868)
4(401 1855 1870 400)
4(1854 1869 1870 1855)
4(393 400 1870 1869)
4(408 1856 1871 407)
4(1855 1870 1871 1856)
4(400 407 1871 1870)
4(415 1857 1872 414)
4(1856 1871 1872 1857)
4(407 414 1872 1871)
4(1857 1872 1109 1112)
4(414 91 1109 1872)
4(1853 1858 1873 1868)
4(1153 1156 1873 1858)
4(1155 1868 1873 1156)
4(1854 1859 1874 1869)
4(1858 1873 1874 1859)
4(1868 1869 1874 1873)
4(1855 1860 1875 1870)
4(1859 1874 1875 1860)
4(1869 1870 1875 1874)
4(1856 1861 1876 1871)
4(1860 1875 1876 1861)
4(1870 1871 1876 1875)
4(1857 1862 1877 1872)
4(1861 1876 1877 1862)
4(1871 1872 1877 1876)
4(1862 1877 1110 1113)
4(1872 1109 1110 1877)
4(1858 1863 1878 1873)
4(1154 1157 1878 1863)
4(1156 1873 1878 1157)
4(1859 1864 1879 1874)
4(1863 1878 1879 1864)
4(1873 1874 1879 1878)
4(1860 1865 1880 1875)
4(1864 1879 1880 1865)
4(1874 1875 1880 1879)
4(1861 1866 1881 1876)
4(1865 1880 1881 1866)
4(1875 1876 1881 1880)
4(1862 1867 1882 1877)
4(1866 1881 1882 1867)
4(1876 1877 1882 1881)
4(1867 1882 1111 1114)
4(1877 1110 1111 1882)
4(1863 1768 1773 1878)
4(1157 1878 1773 1136)
4(1864 1769 1774 1879)
4(1878 1879 1774 1773)
4(1865 1770 1775 1880)
4(1879 1880 1775 1774)
4(1866 1771 1776 1881)
4(1880 1881 1776 1775)
4(1867 1772 1777 1882)
4(1881 1882 1777 1776)
4(1882 1111 1102 1777)
4(386 1868 1013 68)
4(1155 276 1013 1868)
4(393 1869 1012 69)
4(1868 1013 1012 1869)
4(400 1870 1011 70)
4(1869 1012 1011 1870)
4(407 1871 1010 71)
4(1870 1011 1010 1871)
4(414 1872 1009 72)
4(1871 1010 1009 1872)
4(1872 1009 280 1109)
4(1868 1873 1008 1013)
4(1156 277 1008 1873)
4(1869 1874 1007 1012)
4(1873 1008 1007 1874)
4(1870 1875 1006 1011)
4(1874 1007 1006 1875)
4(1871 1876 1005 1010)
4(1875 1006 1005 1876)
4(1872 1877 1004 1009)
4(1876 1005 1004 1877)
4(1877 1004 281 1110)
4(1873 1878 1003 1008)
4(1157 278 1003 1878)
4(1874 1879 1002 1007)
4(1878 1003 1002 1879)
4(1875 1880 1001 1006)
4(1879 1002 1001 1880)
4(1876 1881 1000 1005)
4(1880 1001 1000 1881)
4(1877 1882 999 1004)
4(1881 1000 999 1882)
4(1882 999 282 1111)
4(1878 1773 998 1003)
4(1879 1774 997 1002)
4(1880 1775 996 1001)
4(1881 1776 995 1000)
4(1882 1777 994 999)
4(1 59 383 29)
4(59 60 384 383)
4(60 61 385 384)
4(61 5 45 385)
4(29 383 380 30)
4(383 384 381 380)
4(384 385 382 381)
4(385 45 46 382)
4(30 380 377 31)
4(380 381 378 377)
4(381 382 379 378)
4(382 46 47 379)
4(31 377 65 2)
4(377 378 66 65)
4(378 379 67 66)
4(379 47 6 67)
4(0 37 368 56)
4(56 368 369 57)
4(57 369 370 58)
4(58 370 53 4)
4(37 38 371 368)
4(368 371 372 369)
4(369 372 373 370)
4(370 373 54 53)
4(38 39 374 371)
4(371 374 375 372)
4(372 375 376 373)
4(373 376 55 54)
4(39 3 62 374)
4(374 62 63 375)
4(375 63 64 376)
4(376 64 7 55)
3(11 85 99)
3(10 97 73)
4(85 86 449 99)
4(73 97 431 74)
3(86 87 449)
3(74 431 75)
4(87 88 448 449)
4(75 431 432 76)
4(88 89 447 448)
4(76 432 433 77)
3(89 90 447)
3(77 433 78)
4(90 91 93 447)
4(78 433 95 79)
3(91 9 93)
3(79 95 8)
4(6 47 450 92)
4(7 94 436 55)
4(92 450 447 93)
4(94 95 433 436)
4(47 46 451 450)
4(55 436 435 54)
4(450 451 448 447)
4(436 433 432 435)
4(46 45 452 451)
4(54 435 434 53)
4(451 452 449 448)
4(435 432 431 434)
4(45 5 98 452)
4(53 434 96 4)
4(452 98 99 449)
4(434 431 97 96)
3(13 118 122)
3(12 120 106)
4(118 117 506 122)
4(106 120 488 105)
3(117 116 506)
3(105 488 104)
4(116 115 505 506)
4(104 488 489 103)
4(115 114 504 505)
4(103 489 490 102)
3(114 113 504)
3(102 490 101)
4(113 112 95 504)
4(101 490 93 100)
3(112 8 95)
3(100 93 9)
4(7 64 507 94)
4(6 92 493 67)
4(94 507 504 95)
4(92 93 490 493)
4(64 63 508 507)
4(67 493 492 66)
4(507 508 505 504)
4(493 490 489 492)
4(63 62 509 508)
4(66 492 491 65)
4(508 509 506 505)
4(492 489 488 491)
4(62 3 121 509)
4(65 491 119 2)
4(509 121 122 506)
4(491 488 120 119)
3(15 135 145)
3(14 143 123)
4(135 136 563 145)
4(123 143 545 124)
3(136 137 563)
3(124 545 125)
4(137 138 562 563)
4(125 545 546 126)
4(138 139 561 562)
4(126 546 547 127)
3(139 140 561)
3(127 547 128)
4(140 141 99 561)
4(128 547 97 129)
3(141 11 99)
3(129 97 10)
4(5 61 564 98)
4(4 96 550 58)
4(98 564 561 99)
4(96 97 547 550)
4(61 60 565 564)
4(58 550 549 57)
4(564 565 562 561)
4(550 547 546 549)
4(60 59 566 565)
4(57 549 548 56)
4(565 566 563 562)
4(549 546 545 548)
4(59 1 144 566)
4(56 548 142 0)
4(566 144 145 563)
4(548 545 143 142)
3(14 159 143)
3(15 145 152)
4(159 158 610 143)
4(152 145 602 151)
3(158 157 610)
3(151 602 150)
4(157 156 609 610)
4(150 602 603 149)
4(156 155 608 609)
4(149 603 604 148)
3(155 154 608)
3(148 604 147)
4(154 153 122 608)
4(147 604 120 146)
3(153 13 122)
3(146 120 12)
4(3 39 611 121)
4(2 119 607 31)
4(121 611 608 122)
4(119 120 604 607)
4(39 38 612 611)
4(31 607 606 30)
4(611 612 609 608)
4(607 604 603 606)
4(38 37 613 612)
4(30 606 605 29)
4(612 613 610 609)
4(606 603 602 605)
4(37 0 142 613)
4(29 605 144 1)
4(613 142 143 610)
4(605 602 145 144)
3(16 182 201)
4(16 160 614 182)
4(160 161 626 614)
4(161 162 638 626)
4(162 163 650 638)
4(163 164 662 650)
3(17 197 165)
4(164 17 165 662)
4(182 183 748 201)
4(182 614 615 183)
4(614 626 627 615)
4(626 638 639 627)
4(638 650 651 639)
4(650 662 663 651)
4(165 197 694 166)
4(662 165 166 663)
4(183 184 747 748)
4(183 615 616 184)
4(615 627 628 616)
4(627 639 640 628)
4(639 651 652 640)
4(651 663 664 652)
4(166 694 695 167)
4(663 166 167 664)
3(184 185 747)
4(184 616 617 185)
4(616 628 629 617)
4(628 640 641 629)
4(640 652 653 641)
4(652 664 665 653)
3(167 695 168)
4(664 167 168 665)
4(185 186 746 747)
4(185 617 618 186)
4(617 629 630 618)
4(629 641 642 630)
4(641 653 654 642)
4(653 665 666 654)
4(168 695 696 169)
4(665 168 169 666)
4(186 187 745 746)
4(186 618 619 187)
4(618 630 631 619)
4(630 642 643 631)
4(642 654 655 643)
4(654 666 667 655)
4(169 696 697 170)
4(666 169 170 667)
3(187 188 745)
4(187 619 620 188)
4(619 631 632 620)
4(631 643 644 632)
4(643 655 656 644)
4(655 667 668 656)
3(170 697 171)
4(667 170 171 668)
4(188 189 744 745)
4(188 620 621 189)
4(620 632 633 621)
4(632 644 645 633)
4(644 656 657 645)
4(656 668 669 657)
4(171 697 698 172)
4(668 171 172 669)
4(189 190 743 744)
4(189 621 622 190)
4(621 633 634 622)
4(633 645 646 634)
4(645 657 658 646)
4(657 669 670 658)
4(172 698 699 173)
4(669 172 173 670)
3(190 191 743)
4(190 622 623 191)
4(622 634 635 623)
4(634 646 647 635)
4(646 658 659 647)
4(658 670 671 659)
3(173 699 174)
4(670 173 174 671)
4(191 192 742 743)
4(191 623 624 192)
4(623 635 636 624)
4(635 647 648 636)
4(647 659 660 648)
4(659 671 672 660)
4(174 699 700 175)
4(671 174 175 672)
4(192 193 209 742)
4(192 624 625 193)
4(624 636 637 625)
4(636 648 649 637)
4(648 660 661 649)
4(660 672 673 661)
4(175 700 205 176)
4(672 175 176 673)
3(193 19 209)
4(193 625 177 19)
4(625 637 178 177)
4(637 649 179 178)
4(649 661 180 179)
4(661 673 181 180)
3(176 205 18)
4(673 176 18 181)
4(13 153 749 206)
4(12 202 719 146)
4(206 749 750 207)
4(202 203 720 719)
4(207 750 751 208)
4(203 204 721 720)
4(208 751 742 209)
4(204 205 700 721)
4(153 154 752 749)
4(146 719 716 147)
4(749 752 753 750)
4(719 720 717 716)
4(750 753 754 751)
4(720 721 718 717)
4(751 754 743 742)
4(721 700 699 718)
4(154 155 755 752)
4(147 716 713 148)
4(752 755 756 753)
4(716 717 714 713)
4(753 756 757 754)
4(717 718 715 714)
4(754 757 744 743)
4(718 699 698 715)
4(155 156 758 755)
4(148 713 710 149)
4(755 758 759 756)
4(713 714 711 710)
4(756 759 760 757)
4(714 715 712 711)
4(757 760 745 744)
4(715 698 697 712)
4(156 157 761 758)
4(149 710 707 150)
4(758 761 762 759)
4(710 711 708 707)
4(759 762 763 760)
4(711 712 709 708)
4(760 763 746 745)
4(712 697 696 709)
4(157 158 764 761)
4(150 707 704 151)
4(761 764 765 762)
4(707 708 705 704)
4(762 765 766 763)
4(708 709 706 705)
4(763 766 747 746)
4(709 696 695 706)
4(158 159 767 764)
4(151 704 701 152)
4(764 767 768 765)
4(704 705 702 701)
4(765 768 769 766)
4(705 706 703 702)
4(766 769 748 747)
4(706 695 694 703)
4(159 14 198 767)
4(152 701 194 15)
4(767 198 199 768)
4(701 702 195 194)
4(768 199 200 769)
4(702 703 196 195)
4(769 200 201 748)
4(703 694 197 196)
3(17 227 197)
4(17 164 774 227)
4(164 163 773 774)
4(163 162 772 773)
4(162 161 771 772)
4(161 160 770 771)
3(16 201 210)
4(160 16 210 770)
4(227 228 884 197)
4(227 774 779 228)
4(774 773 778 779)
4(773 772 777 778)
4(772 771 776 777)
4(771 770 775 776)
4(210 201 830 211)
4(770 210 211 775)
4(228 229 883 884)
4(228 779 784 229)
4(779 778 783 784)
4(778 777 782 783)
4(777 776 781 782)
4(776 775 780 781)
4(211 830 831 212)
4(775 211 212 780)
3(229 230 883)
4(229 784 789 230)
4(784 783 788 789)
4(783 782 787 788)
4(782 781 786 787)
4(781 780 785 786)
3(212 831 213)
4(780 212 213 785)
4(230 231 882 883)
4(230 789 794 231)
4(789 788 793 794)
4(788 787 792 793)
4(787 786 791 792)
4(786 785 790 791)
4(213 831 832 214)
4(785 213 214 790)
4(231 232 881 882)
4(231 794 799 232)
4(794 793 798 799)
4(793 792 797 798)
4(792 791 796 797)
4(791 790 795 796)
4(214 832 833 215)
4(790 214 215 795)
3(232 233 881)
4(232 799 804 233)
4(799 798 803 804)
4(798 797 802 803)
4(797 796 801 802)
4(796 795 800 801)
3(215 833 216)
4(795 215 216 800)
4(233 234 880 881)
4(233 804 809 234)
4(804 803 808 809)
4(803 802 807 808)
4(802 801 806 807)
4(801 800 805 806)
4(216 833 834 217)
4(800 216 217 805)
4(234 235 879 880)
4(234 809 814 235)
4(809 808 813 814)
4(808 807 812 813)
4(807 806 811 812)
4(806 805 810 811)
4(217 834 835 218)
4(805 217 218 810)
3(235 236 879)
4(235 814 819 236)
4(814 813 818 819)
4(813 812 817 818)
4(812 811 816 817)
4(811 810 815 816)
3(218 835 219)
4(810 218 219 815)
4(236 237 878 879)
4(236 819 824 237)
4(819 818 823 824)
4(818 817 822 823)
4(817 816 821 822)
4(816 815 820 821)
4(219 835 836 220)
4(815 219 220 820)
4(237 238 246 878)
4(237 824 829 238)
4(824 823 828 829)
4(823 822 827 828)
4(822 821 826 827)
4(821 820 825 826)
4(220 836 242 221)
4(820 220 221 825)
3(238 21 246)
4(238 829 226 21)
4(829 828 225 226)
4(828 827 224 225)
4(827 826 223 224)
4(826 825 222 223)
3(221 242 20)
4(825 221 20 222)
4(11 141 885 243)
4(10 239 855 129)
4(243 885 886 244)
4(239 240 856 855)
4(244 886 887 245)
4(240 241 857 856)
4(245 887 878 246)
4(241 242 836 857)
4(141 140 888 885)
4(129 855 852 128)
4(885 888 889 886)
4(855 856 853 852)
4(886 889 890 887)
4(856 857 854 853)
4(887 890 879 878)
4(857 836 835 854)
4(140 139 891 888)
4(128 852 849 127)
4(888 891 892 889)
4(852 853 850 849)
4(889 892 893 890)
4(853 854 851 850)
4(890 893 880 879)
4(854 835 834 851)
4(139 138 894 891)
4(127 849 846 126)
4(891 894 895 892)
4(849 850 847 846)
4(892 895 896 893)
4(850 851 848 847)
4(893 896 881 880)
4(851 834 833 848)
4(138 137 897 894)
4(126 846 843 125)
4(894 897 898 895)
4(846 847 844 843)
4(895 898 899 896)
4(847 848 845 844)
4(896 899 882 881)
4(848 833 832 845)
4(137 136 900 897)
4(125 843 840 124)
4(897 900 901 898)
4(843 844 841 840)
4(898 901 902 899)
4(844 845 842 841)
4(899 902 883 882)
4(845 832 831 842)
4(136 135 903 900)
4(124 840 837 123)
4(900 903 904 901)
4(840 841 838 837)
4(901 904 905 902)
4(841 842 839 838)
4(902 905 884 883)
4(842 831 830 839)
4(135 15 194 903)
4(123 837 198 14)
4(903 194 195 904)
4(837 838 199 198)
4(904 195 196 905)
4(838 839 200 199)
4(905 196 197 884)
4(839 830 201 200)
3(23 275 283)
4(23 263 910 275)
4(263 262 909 910)
4(262 261 908 909)
4(261 260 907 908)
4(260 259 906 907)
3(22 279 258)
4(259 22 258 906)
4(275 274 1020 283)
4(275 910 915 274)
4(910 909 914 915)
4(909 908 913 914)
4(908 907 912 913)
4(907 906 911 912)
4(258 279 966 257)
4(906 258 257 911)
4(274 273 1019 1020)
4(274 915 920 273)
4(915 914 919 920)
4(914 913 918 919)
4(913 912 917 918)
4(912 911 916 917)
4(257 966 967 256)
4(911 257 256 916)
3(273 272 1019)
4(273 920 925 272)
4(920 919 924 925)
4(919 918 923 924)
4(918 917 922 923)
4(917 916 921 922)
3(256 967 255)
4(916 256 255 921)
4(272 271 1018 1019)
4(272 925 930 271)
4(925 924 929 930)
4(924 923 928 929)
4(923 922 927 928)
4(922 921 926 927)
4(255 967 968 254)
4(921 255 254 926)
4(271 270 1017 1018)
4(271 930 935 270)
4(930 929 934 935)
4(929 928 933 934)
4(928 927 932 933)
4(927 926 931 932)
4(254 968 969 253)
4(926 254 253 931)
3(270 269 1017)
4(270 935 940 269)
4(935 934 939 940)
4(934 933 938 939)
4(933 932 937 938)
4(932 931 936 937)
3(253 969 252)
4(931 253 252 936)
4(269 268 1016 1017)
4(269 940 945 268)
4(940 939 944 945)
4(939 938 943 944)
4(938 937 942 943)
4(937 936 941 942)
4(252 969 970 251)
4(936 252 251 941)
4(268 267 1015 1016)
4(268 945 950 267)
4(945 944 949 950)
4(944 943 948 949)
4(943 942 947 948)
4(942 941 946 947)
4(251 970 971 250)
4(941 251 250 946)
3(267 266 1015)
4(267 950 955 266)
4(950 949 954 955)
4(949 948 953 954)
4(948 947 952 953)
4(947 946 951 952)
3(250 971 249)
4(946 250 249 951)
4(266 265 1014 1015)
4(266 955 960 265)
4(955 954 959 960)
4(954 953 958 959)
4(953 952 957 958)
4(952 951 956 957)
4(249 971 972 248)
4(951 249 248 956)
4(265 264 205 1014)
4(265 960 965 264)
4(960 959 964 965)
4(959 958 963 964)
4(958 957 962 963)
4(957 956 961 962)
4(248 972 209 247)
4(956 248 247 961)
3(264 18 205)
4(264 965 181 18)
4(965 964 180 181)
4(964 963 179 180)
4(963 962 178 179)
4(962 961 177 178)
3(247 209 19)
4(961 247 19 177)
4(12 106 1021 202)
4(13 206 991 118)
4(202 1021 1022 203)
4(206 207 992 991)
4(203 1022 1023 204)
4(207 208 993 992)
4(204 1023 1014 205)
4(208 209 972 993)
4(106 105 1024 1021)
4(118 991 988 117)
4(1021 1024 1025 1022)
4(991 992 989 988)
4(1022 1025 1026 1023)
4(992 993 990 989)
4(1023 1026 1015 1014)
4(993 972 971 990)
4(105 104 1027 1024)
4(117 988 985 116)
4(1024 1027 1028 1025)
4(988 989 986 985)
4(1025 1028 1029 1026)
4(989 990 987 986)
4(1026 1029 1016 1015)
4(990 971 970 987)
4(104 103 1030 1027)
4(116 985 982 115)
4(1027 1030 1031 1028)
4(985 986 983 982)
4(1028 1031 1032 1029)
4(986 987 984 983)
4(1029 1032 1017 1016)
4(987 970 969 984)
4(103 102 1033 1030)
4(115 982 979 114)
4(1030 1033 1034 1031)
4(982 983 980 979)
4(1031 1034 1035 1032)
4(983 984 981 980)
4(1032 1035 1018 1017)
4(984 969 968 981)
4(102 101 1036 1033)
4(114 979 976 113)
4(1033 1036 1037 1034)
4(979 980 977 976)
4(1034 1037 1038 1035)
4(980 981 978 977)
4(1035 1038 1019 1018)
4(981 968 967 978)
4(101 100 1039 1036)
4(113 976 973 112)
4(1036 1039 1040 1037)
4(976 977 974 973)
4(1037 1040 1041 1038)
4(977 978 975 974)
4(1038 1041 1020 1019)
4(978 967 966 975)
4(100 9 280 1039)
4(112 973 276 8)
4(1039 280 281 1040)
4(973 974 277 276)
4(1040 281 282 1041)
4(974 975 278 277)
4(1041 282 283 1020)
4(975 966 279 278)
3(22 307 279)
4(22 259 1101 307)
4(259 260 1089 1101)
4(260 261 1077 1089)
4(261 262 1065 1077)
4(262 263 1053 1065)
3(23 283 295)
4(263 23 295 1053)
4(307 306 1136 279)
4(307 1101 1100 306)
4(1101 1089 1088 1100)
4(1089 1077 1076 1088)
4(1077 1065 1064 1076)
4(1065 1053 1052 1064)
4(295 283 1102 294)
4(1053 295 294 1052)
4(306 305 1135 1136)
4(306 1100 1099 305)
4(1100 1088 1087 1099)
4(1088 1076 1075 1087)
4(1076 1064 1063 1075)
4(1064 1052 1051 1063)
4(294 1102 1103 293)
4(1052 294 293 1051)
3(305 304 1135)
4(305 1099 1098 304)
4(1099 1087 1086 1098)
4(1087 1075 1074 1086)
4(1075 1063 1062 1074)
4(1063 1051 1050 1062)
3(293 1103 292)
4(1051 293 292 1050)
4(304 303 1134 1135)
4(304 1098 1097 303)
4(1098 1086 1085 1097)
4(1086 1074 1073 1085)
4(1074 1062 1061 1073)
4(1062 1050 1049 1061)
4(292 1103 1104 291)
4(1050 292 291 1049)
4(303 302 1133 1134)
4(303 1097 1096 302)
4(1097 1085 1084 1096)
4(1085 1073 1072 1084)
4(1073 1061 1060 1072)
4(1061 1049 1048 1060)
4(291 1104 1105 290)
4(1049 291 290 1048)
3(302 301 1133)
4(302 1096 1095 301)
4(1096 1084 1083 1095)
4(1084 1072 1071 1083)
4(1072 1060 1059 1071)
4(1060 1048 1047 1059)
3(290 1105 289)
4(1048 290 289 1047)
4(301 300 1132 1133)
4(301 1095 1094 300)
4(1095 1083 1082 1094)
4(1083 1071 1070 1082)
4(1071 1059 1058 1070)
4(1059 1047 1046 1058)
4(289 1105 1106 288)
4(1047 289 288 1046)
4(300 299 1131 1132)
4(300 1094 1093 299)
4(1094 1082 1081 1093)
4(1082 1070 1069 1081)
4(1070 1058 1057 1069)
4(1058 1046 1045 1057)
4(288 1106 1107 287)
4(1046 288 287 1045)
3(299 298 1131)
4(299 1093 1092 298)
4(1093 1081 1080 1092)
4(1081 1069 1068 1080)
4(1069 1057 1056 1068)
4(1057 1045 1044 1056)
3(287 1107 286)
4(1045 287 286 1044)
4(298 297 1130 1131)
4(298 1092 1091 297)
4(1092 1080 1079 1091)
4(1080 1068 1067 1079)
4(1068 1056 1055 1067)
4(1056 1044 1043 1055)
4(286 1107 1108 285)
4(1044 286 285 1043)
4(297 296 242 1130)
4(297 1091 1090 296)
4(1091 1079 1078 1090)
4(1079 1067 1066 1078)
4(1067 1055 1054 1066)
4(1055 1043 1042 1054)
4(285 1108 246 284)
4(1043 285 284 1042)
3(296 20 242)
4(296 1090 222 20)
4(1090 1078 223 222)
4(1078 1066 224 223)
4(1066 1054 225 224)
4(1054 1042 226 225)
3(284 246 21)
4(1042 284 21 226)
4(10 73 1137 239)
4(11 243 1127 85)
4(239 1137 1138 240)
4(243 244 1128 1127)
4(240 1138 1139 241)
4(244 245 1129 1128)
4(241 1139 1130 242)
4(245 246 1108 1129)
4(73 74 1140 1137)
4(85 1127 1124 86)
4(1137 1140 1141 1138)
4(1127 1128 1125 1124)
4(1138 1141 1142 1139)
4(1128 1129 1126 1125)
4(1139 1142 1131 1130)
4(1129 1108 1107 1126)
4(74 75 1143 1140)
4(86 1124 1121 87)
4(1140 1143 1144 1141)
4(1124 1125 1122 1121)
4(1141 1144 1145 1142)
4(1125 1126 1123 1122)
4(1142 1145 1132 1131)
4(1126 1107 1106 1123)
4(75 76 1146 1143)
4(87 1121 1118 88)
4(1143 1146 1147 1144)
4(1121 1122 1119 1118)
4(1144 1147 1148 1145)
4(1122 1123 1120 1119)
4(1145 1148 1133 1132)
4(1123 1106 1105 1120)
4(76 77 1149 1146)
4(88 1118 1115 89)
4(1146 1149 1150 1147)
4(1118 1119 1116 1115)
4(1147 1150 1151 1148)
4(1119 1120 1117 1116)
4(1148 1151 1134 1133)
4(1120 1105 1104 1117)
4(77 78 1152 1149)
4(89 1115 1112 90)
4(1149 1152 1153 1150)
4(1115 1116 1113 1112)
4(1150 1153 1154 1151)
4(1116 1117 1114 1113)
4(1151 1154 1135 1134)
4(1117 1104 1103 1114)
4(78 79 1155 1152)
4(90 1112 1109 91)
4(1152 1155 1156 1153)
4(1112 1113 1110 1109)
4(1153 1156 1157 1154)
4(1113 1114 1111 1110)
4(1154 1157 1136 1135)
4(1114 1103 1102 1111)
4(79 8 276 1155)
4(91 1109 280 9)
4(1155 276 277 1156)
4(1109 1110 281 280)
4(1156 277 278 1157)
4(1110 1111 282 281)
4(1157 278 279 1136)
4(1111 1102 283 282)
)


// ************************************************************************* //
