geometry,Dmax,Nfaces,host_mean,host_std,init_mean,init_std,storage_MB,n_runs
Hex1125,4,1,1.2931941,0.004093567285536179,0.015441050000000001,0.00029560738276889295,0.225432,100
Hex1125,4,2,1.2944011,0.002977158123941274,0.015525279999999999,0.0001903551216101955,0.225432,100
Hex1125,4,3,1.2933013,0.0029896007148687044,0.01559008,0.00018741369353719207,0.225432,100
Hex1125,4,4,1.2934206000000001,0.003114047617756764,0.015589120000000001,0.00020042738577773488,0.225432,100
Hex1125,4,5,1.2930091,0.0029604408950237933,0.01555753,0.00021543268441708544,0.225432,100
Hex1125,4,6,1.2938937000000001,0.008251070901416501,0.01556419,0.00021512818330596587,0.225432,100
Hex1125,4,7,1.2930009999999998,0.0028699229215708227,0.015585690000000001,0.00020498064431905417,0.225432,100
Hex1125,4,8,1.2929839,0.0028666902377466434,0.015574600000000001,0.00020029629567369954,0.225432,100
Hex1125,4,9,1.2922099,0.003444950189491973,0.0155683,0.00024292994791906493,0.225432,100
Hex1125,4,10,1.2919398000000002,0.0031366777702441007,0.01553209,0.0002397146070398775,0.225432,100
Hex1125,4,11,1.291026,0.008235681544659833,0.0155729,0.00018884088219418697,0.225432,100
Hex1125,4,12,1.2922292999999998,0.004030005202142165,0.015433490000000001,0.00025788351825950214,0.225432,100
Hex1125,4,13,1.2903028,0.0033229021877712495,0.01538959,0.00026040799747994526,0.225432,100
Hex1125,4,14,1.2899745999999999,0.0033796928974106554,0.01543158,0.00020776930582847028,0.225432,100
Hex1125,4,15,1.2924328,0.008038444756357422,0.01538795,0.00028255391458350854,0.225432,100
Hex1125,4,16,1.2895306,0.0033677018570502596,0.01545386,0.00024245166216144704,0.225432,100
Hex1125,5,1,0.90889501,0.011350501607297921,0.06023984,0.0005108945950709668,1.36642,100
Hex1125,5,2,0.90788297,0.004373732553967637,0.060386350000000005,0.0004872946006039652,1.36642,100
Hex1125,5,3,0.90755248,0.0035791581186055163,0.06046386,0.0005100374717863998,1.36642,100
Hex1125,5,4,0.90716386,0.003956102443802308,0.060450119999999996,0.00048095120985670284,1.36642,100
Hex1125,5,5,0.9072529,0.003735492339732753,0.060492080000000004,0.0005088500142180378,1.36642,100
Hex1125,5,6,0.90893655,0.011037050837950093,0.06036867,0.0004369791168761486,1.36642,100
Hex1125,5,7,0.90840924,0.008326660655940767,0.060498409999999996,0.000432390117880143,1.36642,100
Hex1125,5,8,0.91058206,0.004353238390119718,0.059784569999999995,0.0005075162982903142,1.3325,100
Hex1125,5,9,0.91479544,0.0039427285361149245,0.05935458,0.0004366032843197451,1.31519,100
Hex1125,5,10,0.93323561,0.010987141890736267,0.05595201,0.0005073722657581967,1.22879,100
Hex1125,5,11,0.93367215,0.00795122829514504,0.05608913,0.00045524591323278395,1.22879,100
Hex1125,5,12,0.93548648,0.0036586943508759105,0.055210100000000005,0.00039711941312762345,1.21154,100
Hex1125,5,13,0.93662075,0.008045490463325058,0.05525862,0.00044005180549016204,1.21154,100
Hex1125,5,14,0.9564120800000001,0.008035214062104269,0.053137670000000005,0.00039977233558993335,1.14198,100
Hex1125,5,15,0.96707079,0.008230669482318652,0.05186736,0.00038095442395556035,1.08902,100
Hex1125,5,16,0.96623508,0.0038836085314895713,0.05199092,0.00045915283606734567,1.08902,100
Hex1125,6,1,0.70964331,0.02135839911608356,0.34215656000000005,0.0021909653899133096,9.81302,100
Hex1125,6,2,0.73250704,0.003126845439484378,0.31716757,0.0020623988203158933,9.0743,100
Hex1125,6,3,0.7468131200000001,0.010090339075180832,0.27935619,0.0016936408375944638,7.63644,100
Hex1125,6,4,0.7626830800000001,0.0040592989584335055,0.24479145,0.0014906892065772981,6.70428,100
Hex1125,6,5,0.77786221,0.0073151732558795445,0.22371314,0.0014552273037070692,6.08646,100
Hex1125,6,6,0.78334298,0.002871636115421651,0.21286542,0.0015498917732173665,5.54988,100
Hex1125,6,7,0.81547558,0.01065931154861819,0.16116205,0.0007446784727503397,4.06214,100
Hex1125,6,8,0.81981732,0.005608650547794253,0.15523269,0.000704907740864938,3.85977,100
Hex1125,6,9,0.82989154,0.0026963587321655233,0.14352226,0.0008087875777103557,3.40054,100
Hex1125,6,10,0.86649027,0.008676639825631662,0.11892478000000001,0.0007804144920450537,2.77076,100
Hex1125,6,11,0.86594503,0.0036940535438660777,0.11828319999999999,0.0005815066811327449,2.7537,100
Hex1125,6,12,0.89056658,0.0040725139635652986,0.101656,0.0005229036066218918,2.39418,100
Hex1125,6,13,0.8910084500000001,0.010560355709664638,0.09592772999999999,0.0005389957713332747,2.17086,100
Hex1125,6,14,0.90748074,0.008195095576469793,0.09372066,0.0006886199230227356,2.10129,100
Hex1125,6,15,0.92487724,0.003697059913285719,0.08077235999999999,0.0006526208626017339,1.80756,100
Hex1125,6,16,0.92690716,0.003979031857072265,0.07833339,0.00061367977526203,1.70354,100
Hex1125,7,1,0.76962544,0.018357922832214307,1.4984553,0.00954156028311741,43.8794,100
Hex1125,7,2,0.77382564,0.009891233522486654,1.1633478,0.005505098753231258,33.5141,100
Hex1125,7,3,0.79185258,0.026518621599909604,1.0404299000000001,0.004254664343607812,28.8745,100
Hex1125,7,4,0.8024243,0.004716081838676139,0.43763175,0.002713024691607639,12.3927,100
Hex1125,7,5,0.81099221,0.005850711931634447,0.38992557,0.0024206058480922034,10.691,100
Hex1125,7,6,0.8067887899999999,0.0031616461582855853,0.36737192999999996,0.0025051999063563936,9.62218,100
Hex1125,7,7,0.8204724400000001,0.0030797089831031215,0.26347092,0.001656066495029594,6.94772,100
Hex1125,7,8,0.8132050599999999,0.0033205365296663245,0.23090781,0.0016555897523788388,5.78665,100
Hex1125,7,9,0.82597161,0.00885953575281767,0.21865041999999998,0.001578781566892517,5.26028,100
Hex1125,7,10,0.8607180699999999,0.003803188383966723,0.19449137,0.001099712218140397,4.6305,100
Hex1125,7,11,0.8610917299999999,0.008378684793316764,0.19243146,0.0012240062670665472,4.54535,100
Hex1125,7,12,0.88534935,0.004224386215353022,0.10553295,0.0007702175656818329,2.51364,100
Hex1125,7,13,0.89223083,0.007830870636806866,0.09820026999999999,0.0006921471913144226,2.27319,100
Hex1125,7,14,0.90676468,0.004080295193520027,0.09479251,0.0008061315091224255,2.13617,100
Hex1125,7,15,0.92785117,0.004648382640535128,0.08260179000000001,0.0006198871075942906,1.84244,100
Hex1125,7,16,0.92837097,0.0037118683592313215,0.07973891,0.0005516475616027162,1.73842,100
Hex1125,8,1,0.8605290999999999,0.0590588903442739,3.8961806,0.042590594751101156,116.466,100
Hex1125,8,2,0.81908274,0.00857757615173354,3.0078035,0.008668755386414765,91.0652,100
Hex1125,8,3,0.82789749,0.028079530347843325,2.6369211999999997,0.024985836039361574,74.2627,100
Hex1125,8,4,0.81284362,0.004495677717204573,0.58329122,0.0032341803719619375,16.9034,100
Hex1125,8,5,0.8244485,0.014247347089932572,0.51925466,0.0026671494192576596,14.5837,100
Hex1125,8,6,0.82113357,0.004065496064144663,0.49305093,0.0029771997868480505,13.3645,100
Hex1125,8,7,0.8286751200000001,0.008398029445727912,0.35605856,0.0020778857131150573,9.84231,100
Hex1125,8,8,0.8215578499999999,0.0029835315132245533,0.30086722,0.0019423519356749448,7.62511,100
Hex1125,8,9,0.83349872,0.0029772351253327576,0.28695148,0.0018130436459782837,7.06495,100
Hex1125,8,10,0.86050773,0.003718857723111687,0.2609345,0.0017272557173537747,6.43518,100
Hex1125,8,11,0.86242962,0.004039576664938941,0.26023472999999997,0.0014475848005027071,6.35002,100
Hex1125,8,12,0.88891704,0.004274301984292793,0.10550852000000001,0.0009716164858397355,2.51364,100
Hex1125,8,13,0.89147548,0.0038568319088771977,0.09838796,0.0007237248335848881,2.27319,100
Hex1125,8,14,0.9069891,0.00426564288735288,0.09455591999999999,0.0007648748452452133,2.13617,100
Hex1125,8,15,0.9258789000000001,0.0033249377802335306,0.08323917,0.0006501403586608016,1.84244,100
Hex1125,8,16,0.93026285,0.003713064606932196,0.08001911,0.0007296853326931239,1.73842,100
Hex1944,4,1,1.9230469,0.004289534526559433,0.023099820000000004,0.0003169392568383611,0.28652,100
Hex1944,4,2,1.923305,0.005238326608428086,0.023176489999999998,0.0002875367871062656,0.28652,100
Hex1944,4,3,1.9200849,0.004861308901142083,0.02323029,0.0003976699635363349,0.28652,100
Hex1944,4,4,1.9252261,0.015804049212307904,0.023267000000000003,0.0003108861560446234,0.28652,100
Hex1944,4,5,1.9188218000000001,0.004504628232734811,0.023253569999999998,0.0003101377750209568,0.28652,100
Hex1944,4,6,1.9219755,0.0044258472623780205,0.02343978,0.00033128771041302917,0.28652,100
Hex1944,4,7,1.9219106,0.003947088639399012,0.023603930000000002,0.00023952065999753862,0.28652,100
Hex1944,4,8,1.9225356,0.008488385805072572,0.02327858,0.00031809931680771533,0.28652,100
Hex1944,4,9,1.9229794,0.012009264590306944,0.02336049,0.00036039250474274225,0.28652,100
Hex1944,4,10,1.9175369,0.0038791784757168154,0.02327785,0.00031548283902166796,0.28652,100
Hex1944,4,11,1.9175201999999998,0.00388512625537472,0.023303820000000003,0.00029800787665002176,0.28652,100
Hex1944,4,12,1.9169675000000002,0.0038487587858839906,0.02335377,0.0003231990928767647,0.28652,100
Hex1944,4,13,1.9173506,0.003805123823626679,0.023294660000000002,0.00032113435999861034,0.28652,100
Hex1944,4,14,1.9157782,0.0040664623346579575,0.02338291,0.00030311877510009485,0.28652,100
Hex1944,4,15,1.9152969999999998,0.008777027349331279,0.02341264,0.00031910184941963334,0.28652,100
Hex1944,4,16,1.9166721000000002,0.003924621141079748,0.02331277,0.00030049789844472616,0.28652,100
Hex1944,5,1,1.1535379000000001,0.004716546479890724,0.07333647,0.0008721431104764378,1.47886,100
Hex1944,5,2,1.1533422,0.004809466376666213,0.07300830999999999,0.0008017017089928272,1.47886,100
Hex1944,5,3,1.1530791999999999,0.004229841002814516,0.07304164,0.0006495408404668202,1.47886,100
Hex1944,5,4,1.1559561999999999,0.012592897130581756,0.07336068,0.0010637881793407235,1.47886,100
Hex1944,5,5,1.1555419999999998,0.00927748246067222,0.07314905000000001,0.0007451132972626214,1.47886,100
Hex1944,5,6,1.1537677,0.004655946313125517,0.07304108000000001,0.0006938953677710654,1.47886,100
Hex1944,5,7,1.1533204000000001,0.004647396560212908,0.07327672,0.0006757181152767276,1.47886,100
Hex1944,5,8,1.1538226,0.009424059004548527,0.07314939,0.000702356421863809,1.47886,100
Hex1944,5,9,1.1533449,0.004753015309816871,0.07326259,0.0007356417674384726,1.47886,100
Hex1944,5,10,1.1541173,0.008345291523737305,0.0730705,0.0006219693795444509,1.47886,100
Hex1944,5,11,1.1536376,0.006678110952881063,0.07323169,0.0007563795970598916,1.47886,100
Hex1944,5,12,1.1537469,0.00430457818180043,0.07328655,0.0007657739647908615,1.47886,100
Hex1944,5,13,1.1547443,0.012988816810291588,0.0732962,0.0006189046694758317,1.47886,100
Hex1944,5,14,1.1552251,0.012149185490011559,0.07315237,0.0006677946314533983,1.47886,100
Hex1944,5,15,1.153422,0.004535532888852037,0.07326753,0.0007153445373886046,1.47886,100
Hex1944,5,16,1.1532835,0.004662114094301294,0.0730864,0.0006648588366918753,1.47886,100
Hex1944,6,1,0.97043181,0.016587403637953226,0.33103294,0.002186814281880002,10.2205,100
Hex1944,6,2,0.9716053499999999,0.004160639153927187,0.32734187,0.0021204004131819615,10.0638,100
Hex1944,6,3,0.97632418,0.00972475943498259,0.31642016,0.002187125925164176,9.56058,100
Hex1944,6,4,0.9809342700000001,0.003256657113149353,0.30028057,0.0017858826200017274,9.15812,100
Hex1944,6,5,0.98146849,0.0023040403927041147,0.28750353,0.0016094347803568244,8.59006,100
Hex1944,6,6,0.9846731900000001,0.0030283681197281584,0.27504153,0.001204505518686178,8.08612,100
Hex1944,6,7,0.98985,0.003872776520766204,0.23549034,0.001914029058496155,6.73204,100
Hex1944,6,8,0.99240279,0.0038500541155714026,0.22311334,0.0014859193611629095,6.2821,100
Hex1944,6,9,0.99486821,0.009873155975424003,0.21086829,0.0015246161318161167,5.71438,100
Hex1944,6,10,0.9958311999999999,0.00925190664488443,0.20199801999999997,0.0015595188067756244,5.39136,100
Hex1944,6,11,0.9999438,0.004866109179360296,0.19749583,0.0013279400471361196,5.23642,100
Hex1944,6,12,1.00290163,0.004188520974356731,0.18708662,0.0012944363289466843,4.85834,100
Hex1944,6,13,1.0149308000000001,0.008781437226193428,0.16963612,0.0009919784870590076,4.27223,100
Hex1944,6,14,1.0190076000000001,0.0041826071131085656,0.16663956,0.0010765629307376262,4.13508,100
Hex1944,6,15,1.0414605000000001,0.004679900148939116,0.15422827,0.0011672780463431775,3.72279,100
Hex1944,6,16,1.0260056,0.004052925447978135,0.15255367,0.0010747773370998455,3.67143,100
Hex1944,7,1,0.9817163999999999,0.038592260993179146,1.7175792,0.013446510919907506,58.1178,100
Hex1944,7,2,0.9831203700000001,0.009058944518596526,1.3335572,0.005996748627465559,45.607,100
Hex1944,7,3,0.99242937,0.034734939500365346,1.2705937,0.00605149595913559,42.7157,100
Hex1944,7,4,1.0238697,0.01873619871621065,0.6990282000000001,0.003783188142988999,23.0845,100
Hex1944,7,5,1.0241639,0.003478274242648319,0.62729825,0.0030937687564985957,19.6928,100
Hex1944,7,6,1.0216768999999999,0.01588521666439421,0.59665936,0.0028420940228548845,18.0091,100
Hex1944,7,7,1.0332344,0.01495231216335129,0.42856751000000004,0.0028119893978527676,13.0044,100
Hex1944,7,8,1.0342915,0.009734297521255618,0.39044639,0.0025292732373134205,11.3318,100
Hex1944,7,9,1.0390087,0.004131863046172182,0.37349715000000006,0.002092731892826341,10.6004,100
Hex1944,7,10,1.0446735,0.006070970230980761,0.3606033,0.00245510594105798,10.1135,100
Hex1944,7,11,1.0409922,0.011354699252340898,0.35235572,0.0027970420417709743,9.7529,100
Hex1944,7,12,1.0116582,0.004422289817766707,0.21742493,0.001543113488203233,5.88328,100
Hex1944,7,13,1.0184178,0.0043706756013368545,0.19632475,0.0015602656299036344,5.195,100
Hex1944,7,14,1.0217,0.00398878199682333,0.18982371,0.0013185025581539799,4.85548,100
Hex1944,7,15,1.0316188,0.009135973880625693,0.16745190000000001,0.0012575785815959516,4.13676,100
Hex1944,7,16,1.0380203000000001,0.010378228421152446,0.16558184,0.0012857674807465994,3.98268,100
Hex1944,8,1,1.0649081,0.0755800329798977,4.7478328,0.007707834539799743,172.937,100
Hex1944,8,2,1.0325674999999999,0.013963657908002363,3.8213567999999998,0.005755406922927762,138.73,100
Hex1944,8,3,1.0189074,0.009343723072120915,3.5520682,0.029267124638509678,121.028,100
Hex1944,8,4,1.0538246,0.018935398170590128,0.9865664599999999,0.002539867531819702,32.916,100
Hex1944,8,5,1.0517952,0.008065199275500604,0.8995862,0.003140980349437981,28.6891,100
Hex1944,8,6,1.0456984,0.02354441788568486,0.8622859900000001,0.005136773346570823,26.665,100
Hex1944,8,7,1.0618457,0.002612461301245462,0.61567918,0.003310550317034342,19.6627,100
Hex1944,8,8,1.0584998,0.004081167138469233,0.5427999,0.0027054712336226374,16.0919,100
Hex1944,8,9,1.0647777,0.020610434831645232,0.52518299,0.0022460355353737427,15.3098,100
Hex1944,8,10,1.0618945000000002,0.00407885812279106,0.51295546,0.0023450064479246216,14.8229,100
Hex1944,8,11,1.0622022,0.0045831431541811084,0.50522336,0.0020830474010812903,14.4623,100
Hex1944,8,12,1.0145298,0.008227560849690126,0.21698785,0.00146146309266164,5.88328,100
Hex1944,8,13,1.0193558,0.00944274048348168,0.19562873,0.001228050708450288,5.195,100
Hex1944,8,14,1.0262129,0.004437925007673888,0.18946802000000001,0.0014086707394282076,4.85548,100
Hex1944,8,15,1.0379471,0.005405893957972949,0.16721062,0.0011958481862027657,4.13676,100
Hex1944,8,16,1.0400382000000001,0.005029962624115608,0.16485430999999998,0.0010520024263039965,3.98268,100
Hex243,4,1,0.7039657800000001,0.002824642005779898,0.0041466,8.701536341007695e-05,0.178168,50
Hex243,4,2,0.70501898,0.0022024604839282116,0.00415844,5.777265789281295e-05,0.178168,50
Hex243,4,3,0.70642576,0.004181079259947021,0.0041598,8.872498210188372e-05,0.178168,50
Hex243,4,4,0.7059791799999999,0.0022352630826306427,0.00417486,7.496148943263585e-05,0.178168,50
Hex243,4,5,0.7059541199999999,0.002230785783036078,0.00417246,7.768938939449707e-05,0.178168,50
Hex243,4,6,0.70570042,0.0023415029543662983,0.0041753,7.417856283100582e-05,0.178168,50
Hex243,4,7,0.70573536,0.002435796888084063,0.00415106,8.365976040011156e-05,0.178168,50
Hex243,4,8,0.70591776,0.002436715676512804,0.00418812,8.625653243526026e-05,0.178168,50
Hex243,4,9,0.70543218,0.0022526270712305615,0.00415486,5.729765105417956e-05,0.178168,50
Hex243,4,10,0.70556108,0.0022523869591785373,0.004182040000000001,6.803899242196287e-05,0.178168,50
Hex243,4,11,0.70570436,0.002121199129102719,0.00416698,6.187462306626067e-05,0.178168,50
Hex243,4,12,0.70564628,0.0021388334321803125,0.004162,6.135610343373701e-05,0.178168,50
Hex243,4,13,0.70553068,0.001934344190295666,0.0041494999999999995,9.944175815675286e-05,0.178168,50
Hex243,4,14,0.70542602,0.002393056012972643,0.0041794399999999995,5.8567651446155636e-05,0.178168,50
Hex243,4,15,0.70537094,0.002651235371732683,0.00418248,0.0001010060091160473,0.178168,50
Hex243,4,16,0.7055088399999999,0.002234132131732779,0.00417002,6.606505451879554e-05,0.178168,50
Hex243,5,1,0.55978608,0.0023932872520908153,0.019799940000000002,0.00022068061786672795,1.26442,50
Hex243,5,2,0.56427612,0.0027563243762189485,0.01891432,0.0003098496304167357,1.19838,50
Hex243,5,3,0.56591622,0.010683189016527657,0.0188713,0.00018945509941375936,1.19838,50
Hex243,5,4,0.5834419,0.0025919616576434755,0.01683088,0.00021978158360016396,1.06545,50
Hex243,5,5,0.58503352,0.010332226259581414,0.01684642,0.00015447000765619876,1.06545,50
Hex243,5,6,0.59981392,0.0030306374613339724,0.01549468,0.00015353992234953752,0.930856,50
Hex243,5,7,0.63459138,0.002392012643216199,0.01192948,0.00018837059001785146,0.693928,50
Hex243,5,8,0.63648634,0.00248795528381957,0.01156116,0.00015813070801184228,0.677192,50
Hex243,5,9,0.6433224599999999,0.002490956845987387,0.01059118,0.00016349058388912858,0.609224,50
Hex243,5,10,0.6459262800000001,0.0024206824981262446,0.01052584,0.00011112511059198826,0.592136,50
Hex243,5,11,0.6476173,0.0027622922841845105,0.01021814,0.0001971137670048877,0.558344,50
Hex243,5,12,0.6551587999999999,0.002285348131386688,0.009446719999999999,0.00014207472020894138,0.507208,50
Hex243,5,13,0.6628837799999999,0.002559400187145255,0.0076085599999999995,0.0001173270607476104,0.387464,50
Hex243,5,14,0.66337282,0.0024958904974181095,0.00758186,0.00011371733843712884,0.387464,50
Hex243,5,15,0.66387392,0.002147465908973672,0.0076071,7.315185491531315e-05,0.387464,50
Hex243,5,16,0.66684658,0.002272848631482681,0.00717942,9.035894182285968e-05,0.352552,50
Hex243,6,1,0.44795944,0.018847245343204377,0.10332906,0.0017957109490820229,7.31551,50
Hex243,6,2,0.51573426,0.012711898098142193,0.07612026,0.00045490617153206393,5.17174,50
Hex243,6,3,0.52218288,0.0024026364060323107,0.069315,0.0004083725290087223,4.59545,50
Hex243,6,4,0.56879762,0.0023965260307199656,0.03835042,0.00024172197640585114,2.54942,50
Hex243,6,5,0.56757472,0.0030814605339093307,0.03588202,0.0002692284888039771,2.35098,50
Hex243,6,6,0.58736606,0.002433916625355855,0.030556939999999998,0.0004400291460662068,1.82314,50
Hex243,6,7,0.62637672,0.0022883177230517276,0.021895519999999998,0.00020366621753070745,1.3081,50
Hex243,6,8,0.6314736599999999,0.00949420770272322,0.01834838,0.0002129872938626593,1.03822,50
Hex243,6,9,0.6378313800000001,0.005255957358142493,0.0169113,0.00018819651583233053,0.953128,50
Hex243,6,10,0.63897954,0.0020375426797583297,0.01660312,0.00021106915783163354,0.901992,50
Hex243,6,11,0.63724726,0.0021791826103811844,0.01603102,0.00019174733481371585,0.8682,50
Hex243,6,12,0.6532725,0.0023167501979263583,0.010432799999999999,0.00012537112254162405,0.577064,50
Hex243,6,13,0.6586877,0.0024627000965010163,0.00841322,6.217102481486541e-05,0.439944,50
Hex243,6,14,0.65840998,0.002369354208838097,0.00840992,0.00012806596514519948,0.439944,50
Hex243,6,15,0.65815786,0.0022217822686725545,0.00836174,0.00011926694634221139,0.439944,50
Hex243,6,16,0.66347526,0.00222053274367083,0.0075293,0.00011526194656750596,0.370344,50
Hex243,7,1,0.49670382,0.010987305767482919,0.301875,0.0014163322854673394,21.6807,50
Hex243,7,2,0.5310140400000001,0.0028684778012608918,0.22049624,0.0015767916348052567,15.8054,50
Hex243,7,3,0.5238429,0.00267601703916054,0.17527398000000002,0.00098318349004753,11.923,50
Hex243,7,4,0.56603146,0.0024910598122412217,0.055079399999999994,0.00039165811830300777,3.73729,50
Hex243,7,5,0.57144358,0.0036466538650983455,0.04896184,0.0003627790332127477,3.27537,50
Hex243,7,6,0.5863191400000001,0.0024841657656904785,0.04320508,0.00024641866149846265,2.6979,50
Hex243,7,7,0.62552172,0.00257319463194636,0.03166208,0.00028793854503050766,1.98398,50
Hex243,7,8,0.63185468,0.009169926408891717,0.0237021,0.0002031769360605157,1.36137,50
Hex243,7,9,0.63452602,0.0025895042507974274,0.021972480000000003,0.00018354315957989667,1.25938,50
Hex243,7,10,0.63547762,0.00236654935132249,0.02156492,0.00018820449581478634,1.20825,50
Hex243,7,11,0.6381827,0.0025256681496271007,0.0213084,0.0002042341593287828,1.17446,50
Hex243,7,12,0.6503669,0.002308109653692687,0.010423400000000001,0.00015235525080869251,0.577064,50
Hex243,7,13,0.66027336,0.00947944076487078,0.008385700000000001,0.00014316114083401946,0.439944,50
Hex243,7,14,0.65861186,0.002748469770989088,0.00837148,0.00010772115173266697,0.439944,50
Hex243,7,15,0.6613123799999999,0.003347582069165135,0.00835364,0.00012105653258553476,0.439944,50
Hex243,7,16,0.6680586599999999,0.002305063694812549,0.0074982799999999995,9.703271907675557e-05,0.370344,50
Hex243,8,1,0.52613672,0.046850550260545694,0.68747104,0.004093031429647426,51.1,50
Hex243,8,2,0.56612666,0.004224555523583128,0.52510744,0.002371786101791861,38.7309,50
Hex243,8,3,0.5461398,0.002828563535342524,0.39743516,0.0018574573179923313,26.9815,50
Hex243,8,4,0.56952984,0.010346123622627648,0.06978551999999999,0.00042463618233370016,4.84545,50
Hex243,8,5,0.5675288599999999,0.0026395062154942264,0.062185540000000004,0.00040854551416317987,4.16073,50
Hex243,8,6,0.58701812,0.0027156306791068113,0.055586979999999994,0.0006926766919651882,3.51718,50
Hex243,8,7,0.62815554,0.003247617137193962,0.0408446,0.0003652445644177811,2.66238,50
Hex243,8,8,0.63168406,0.0030806731003838322,0.02923036,0.00022527966836710284,1.68601,50
Hex243,8,9,0.6362589,0.0024944648131576532,0.02708206,0.00022080117660881412,1.56713,50
Hex243,8,10,0.6367898000000001,0.00250344601683034,0.026640999999999998,0.0002936473659173605,1.51599,50
Hex243,8,11,0.63931836,0.0020233598322128067,0.0263732,0.0002409754835527246,1.4822,50
Hex243,8,12,0.6550038,0.0023643255844717674,0.0103721,0.0001173121163949454,0.577064,50
Hex243,8,13,0.65579482,0.002355428014226735,0.00828248,0.00018116541544980943,0.439944,50
Hex243,8,14,0.6554240400000001,0.0022644028177018984,0.00837392,0.00016458244506778287,0.439944,50
Hex243,8,15,0.6557832600000001,0.0022501181629743213,0.00837062,0.00010810706899803991,0.439944,50
Hex243,8,16,0.6598716,0.002511089380637623,0.00750472,9.711155798295869e-05,0.370344,50
Hex576,4,1,1.1379898,0.0037923809171031587,0.01105212,0.00019780991081421207,0.213912,50
Hex576,4,2,1.1395026,0.00335241174837046,0.011124639999999998,0.00017321271103849776,0.213912,50
Hex576,4,3,1.1378944,0.0033030321011495558,0.011068640000000001,0.00016669925994228688,0.213912,50
Hex576,4,4,1.1372176,0.002678371085841062,0.01112482,0.00014955576258522758,0.213912,50
Hex576,4,5,1.137733,0.0027108890401038406,0.01103008,0.00013784594180994,0.213912,50
Hex576,4,6,1.1376511999999999,0.003572485352221449,0.01106574,0.00016511020562036738,0.213912,50
Hex576,4,7,1.138058,0.0028280086020132772,0.011073439999999999,0.00021816013216283622,0.213912,50
Hex576,4,8,1.1379468,0.0034058140205914223,0.0110622,0.00016727003708411872,0.213912,50
Hex576,4,9,1.140686,0.010490484706997821,0.011071880000000001,0.00018513554218353587,0.213912,50
Hex576,4,10,1.1403508,0.003368995393167482,0.011136440000000001,0.0001384389882561548,0.213912,50
Hex576,4,11,1.142639,0.0147675395889161,0.011179360000000001,0.00011565020447849782,0.213912,50
Hex576,4,12,1.140549,0.008535845247052738,0.01114678,0.00011742375554949243,0.213912,50
Hex576,4,13,1.1392714,0.0026006922233928953,0.01115002,0.0001350918795426555,0.213912,50
Hex576,4,14,1.1407384,0.0032003439611060164,0.011135820000000001,0.00021144350236854652,0.213912,50
Hex576,4,15,1.1408542,0.003340205963342833,0.01113828,0.00019128395816968345,0.213912,50
Hex576,4,16,1.1374126,0.002551476411325624,0.01110096,0.0001535368014117628,0.213912,50
Hex576,5,1,0.80709226,0.004395717785457542,0.044280799999999995,0.0002885806222014985,1.33967,50
Hex576,5,2,0.80906634,0.010755424037618406,0.0443009,0.0003248882539443689,1.33967,50
Hex576,5,3,0.8152038,0.0036935066077136555,0.043979660000000004,0.0006500160943062433,1.30652,50
Hex576,5,4,0.81618486,0.007945876728215716,0.043751420000000006,0.0003737444881854175,1.30652,50
Hex576,5,5,0.8149284400000001,0.003321541080490758,0.04372636,0.0003536145578312694,1.30652,50
Hex576,5,6,0.8159323,0.00361313784284914,0.043582020000000006,0.00032315103501083064,1.27305,50
Hex576,5,7,0.81942828,0.003466717491359508,0.04317642,0.00032986262384854194,1.25606,50
Hex576,5,8,0.8203767399999999,0.01089593299675599,0.04322446,0.0003298159171169175,1.25606,50
Hex576,5,9,0.86021208,0.015331494179935224,0.04022074,0.00036675553833304163,1.10204,50
Hex576,5,10,0.8571737,0.0033141628379315634,0.04030572,0.0003022415603723726,1.10204,50
Hex576,5,11,0.85727458,0.003518490301773396,0.040256059999999996,0.0003673232691807482,1.10204,50
Hex576,5,12,0.87495284,0.0033209735870244925,0.03849874,0.00030312062729856854,1.0326,50
Hex576,5,13,0.88084424,0.009795222270524527,0.038136420000000004,0.00026883946275555197,1.01538,50
Hex576,5,14,0.88000344,0.003480805549271138,0.03807526,0.00031123754364059116,1.01538,50
Hex576,5,15,0.9006576599999999,0.004084461179511777,0.03573244,0.0002833686687849939,0.927864,50
Hex576,5,16,0.90149022,0.010053874256367902,0.03569888,0.0003198659566194588,0.927864,50
Hex576,6,1,0.58620364,0.0030760181308348163,0.24342838,0.002188828974868636,9.32362,50
Hex576,6,2,0.6278723,0.0035048232786098745,0.22312146,0.0013691351241434378,8.09274,50
Hex576,6,3,0.64398666,0.014072785954269825,0.21145213999999998,0.0012065512837870428,7.44935,50
Hex576,6,4,0.7012305000000001,0.003146580400098767,0.15669438,0.0008721299259600604,5.67217,50
Hex576,6,5,0.7171711999999999,0.0032163038109111553,0.13951940000000002,0.0008464379143547059,4.88913,50
Hex576,6,6,0.72666102,0.0033702238191889527,0.1293108,0.0006427601514133368,4.21806,50
Hex576,6,7,0.7422392600000001,0.01112722630016582,0.11281138,0.0006829829199764754,3.64458,50
Hex576,6,8,0.7510879799999999,0.00360397081173485,0.10038608,0.0004963429048386546,3.18868,50
Hex576,6,9,0.79416992,0.003216054972370052,0.09352692,0.0006678041030122532,2.79838,50
Hex576,6,10,0.8035899000000001,0.0090071353783814,0.08579848,0.000576209685472791,2.47662,50
Hex576,6,11,0.80138474,0.003135075944202684,0.08522536,0.0005454489541952142,2.4593,50
Hex576,6,12,0.8415807599999999,0.003736295041227613,0.060600560000000005,0.00044530073121935236,1.81106,50
Hex576,6,13,0.8451947599999999,0.003233942312410661,0.058411660000000004,0.00043383720307911593,1.74236,50
Hex576,6,14,0.8446889799999999,0.003206416790163893,0.058455700000000006,0.00037586087580271415,1.74236,50
Hex576,6,15,0.8823266,0.003217621006081278,0.04661848,0.00033350906361027737,1.31263,50
Hex576,6,16,0.8855691,0.0032812017973135755,0.04521418,0.00030540008486694154,1.20882,50
Hex576,7,1,0.6797190999999999,0.05273655018909503,0.92617486,0.005293612940099782,35.2006,50
Hex576,7,2,0.67833028,0.009774325143028166,0.77204078,0.004501422969076622,28.9539,50
Hex576,7,3,0.67536934,0.009406448197825112,0.6800144400000001,0.00396874159956045,24.5007,50
Hex576,7,4,0.71267764,0.012624714774325054,0.29399534,0.0018781267220508865,10.8871,50
Hex576,7,5,0.71756156,0.011554158566065982,0.2375592,0.001547038922771961,8.36938,50
Hex576,7,6,0.72299868,0.003815647902508612,0.21973922,0.000886863799910581,7.20188,50
Hex576,7,7,0.7344686,0.003661063094183416,0.17983836,0.002161924489987605,5.97217,50
Hex576,7,8,0.74331374,0.00331879644898507,0.15239876,0.0009783283860853702,4.82485,50
Hex576,7,9,0.79099052,0.010932267890711686,0.14409254000000002,0.0010746983859745598,4.40075,50
Hex576,7,10,0.7976774799999999,0.010204345103405104,0.13420246,0.0007936270190121558,3.94478,50
Hex576,7,11,0.7966078,0.0033940847583610453,0.13404646,0.0010116908096279768,3.92747,50
Hex576,7,12,0.84157298,0.003491882782531336,0.06803138,0.0007423978769872,2.08294,50
Hex576,7,13,0.8459435000000001,0.003409520423814489,0.06629698,0.00041773614805012407,2.01423,50
Hex576,7,14,0.8474527399999999,0.009862315900995088,0.06619058,0.0003500114336324877,2.01423,50
Hex576,7,15,0.8840766000000001,0.0033958530832863413,0.04801258,0.00039161549707719765,1.38022,50
Hex576,7,16,0.88774608,0.0035315156822358215,0.04545306,0.00031696574269282884,1.20882,50
Hex576,8,1,0.74775592,0.028823840894506698,2.4970044000000002,0.010475140086735597,97.1664,50
Hex576,8,2,0.74898036,0.027439777268805095,2.0170885999999997,0.0038075194185255364,77.2882,50
Hex576,8,3,0.73385586,0.019554233982784115,1.7336892,0.0032446224521726396,61.8221,50
Hex576,8,4,0.725715,0.0034816804410912764,0.39435538000000003,0.0025895210642991433,14.7377,50
Hex576,8,5,0.72785742,0.003004135537921687,0.32435304000000004,0.0019177268533557242,11.6507,50
Hex576,8,6,0.72853938,0.00316906015740069,0.3040677,0.0018466858814909374,10.38,50
Hex576,8,7,0.74280674,0.012291979971709107,0.24276934,0.0017187700705766906,8.36158,50
Hex576,8,8,0.7462946599999999,0.011763670846296237,0.19924544,0.0010900795919265205,6.32384,50
Hex576,8,9,0.7872600599999999,0.0033260361982763915,0.18986582,0.000837306753580692,5.86595,50
Hex576,8,10,0.79741374,0.0032449694681749757,0.17885410000000002,0.0010745306189310804,5.40998,50
Hex576,8,11,0.7968409599999999,0.0036359356988993276,0.17883566,0.0008318651433584008,5.39267,50
Hex576,8,12,0.8419711,0.01080557343953309,0.06819168,0.0004079642061129722,2.08294,50
Hex576,8,13,0.8458540600000001,0.0033848579351613167,0.06637622,0.00040649192526558483,2.01423,50
Hex576,8,14,0.84566942,0.0032524387527527935,0.06646250000000001,0.00046882890356325684,2.01423,50
Hex576,8,15,0.88446388,0.003544503221517371,0.0479412,0.00037326939442757244,1.38022,50
Hex576,8,16,0.8887954,0.012188372604031023,0.04541028,0.0003482444625751945,1.20882,50
Hex72,4,1,0.52172378,0.008571938616467671,0.00236258,0.00021925728899060623,0.171064,50
Hex72,4,2,0.52679442,0.001989182142366611,0.00234438,3.885918587066143e-05,0.171064,50
Hex72,4,3,0.5316584799999999,0.008676279801474203,0.00235914,4.5674093938937185e-05,0.171064,50
Hex72,4,4,0.53316502,0.0015620165079218607,0.00235756,2.7616292144977343e-05,0.171064,50
Hex72,4,5,0.53428962,0.0017307734485495527,0.0023470599999999998,4.973251307889899e-05,0.171064,50
Hex72,4,6,0.53561884,0.0015663515564417042,0.0023491600000000003,5.813859584244023e-05,0.171064,50
Hex72,4,7,0.53749342,0.00867370494500829,0.00234732,4.981862613725997e-05,0.171064,50
Hex72,4,8,0.53728294,0.0017439499666339145,0.00236646,3.823034909383817e-05,0.171064,50
Hex72,4,9,0.5376369400000001,0.0015051307138299612,0.00236654,3.6730241113350974e-05,0.171064,50
Hex72,4,10,0.53862684,0.0014164648487537857,0.0023447200000000002,4.660167291382732e-05,0.171064,50
Hex72,4,11,0.53929826,0.001738501581059652,0.0023760400000000003,4.902808857571091e-05,0.171064,50
Hex72,4,12,0.5390064,0.0016636201244176357,0.00237354,3.8432665740465726e-05,0.171064,50
Hex72,4,13,0.53961088,0.0018138985260639927,0.00236506,4.160573449486429e-05,0.171064,50
Hex72,4,14,0.53974214,0.001531214750664669,0.00236224,4.522982581059918e-05,0.171064,50
Hex72,4,15,0.55379824,0.0015085571638936016,0.00224216,4.6179932031662616e-05,0.153816,50
Hex72,4,16,0.55477202,0.0014675346324877728,0.00225488,4.874784767619209e-05,0.153816,50
Hex72,5,1,0.45466338,0.0027015061852565855,0.012784899999999998,0.00012528176406869152,1.2455,50
Hex72,5,2,0.47093988000000003,0.0020866989910343268,0.011499740000000001,0.00010829302839980048,1.0485,50
Hex72,5,3,0.47107864,0.0018577937953719276,0.01149886,9.551920631742188e-05,1.0485,50
Hex72,5,4,0.48216997999999994,0.002029559372004125,0.010373859999999999,0.00010724033851159561,0.915896,50
Hex72,5,5,0.49730016,0.0017607632199516995,0.00801192,8.057822666356526e-05,0.748984,50
Hex72,5,6,0.50272936,0.001488879852336614,0.0071344799999999995,0.00010478768427401284,0.614776,50
Hex72,5,7,0.5091691,0.0017376118992009986,0.0067986800000000005,7.15545859851779e-05,0.581048,50
Hex72,5,8,0.51145512,0.01241348029713452,0.00639344,6.227167600645628e-05,0.547416,50
Hex72,5,9,0.5166048,0.009122885271309146,0.005911619999999999,6.65226338649225e-05,0.479448,50
Hex72,5,10,0.51911778,0.009325704329235756,0.00488872,7.108260213674373e-05,0.39484,50
Hex72,5,11,0.5183375800000001,0.001415861230517188,0.00470082,7.14781799158431e-05,0.377848,50
Hex72,5,12,0.52439518,0.009327495874749516,0.0042669000000000006,4.378856900505199e-05,0.343704,50
Hex72,5,13,0.5242369,0.009480318971749972,0.00427408,5.2803772283303214e-05,0.343704,50
Hex72,5,14,0.52414386,0.008601687385505201,0.00426562,7.029903764545824e-05,0.343704,50
Hex72,5,15,0.54543602,0.0011499964416981348,0.00290928,3.7789988956152444e-05,0.223544,50
Hex72,5,16,0.54976,0.0015405856956736562,0.00278928,6.628110821435056e-05,0.206104,50
Hex72,6,1,0.4102245,0.001986117053191879,0.05120828,0.0004930469216400964,5.37934,50
Hex72,6,2,0.44272292,0.0016621637464461793,0.04247032,0.00026630383445398975,4.23496,50
Hex72,6,3,0.4466523,0.001983157750474053,0.0364884,0.0002827166317667763,3.42808,50
Hex72,6,4,0.47744292,0.00944360968870765,0.02039176,0.00020830977325284847,2.01947,50
Hex72,6,5,0.4981873,0.0016933985421184773,0.015504219999999999,0.00012696187600686948,1.53669,50
Hex72,6,6,0.50802804,0.008918481841979282,0.0129216,0.00011908289001312288,1.15418,50
Hex72,6,7,0.51072746,0.0014860885409115397,0.011562339999999999,0.00013751328099125405,1.01984,50
Hex72,6,8,0.50903076,0.001449818687608476,0.0094155,8.5139561297667e-05,0.83516,50
Hex72,6,9,0.5195533,0.0015463958920994485,0.0087346,9.62774477163552e-05,0.750136,50
Hex72,6,10,0.518818,0.008765911510632815,0.00722688,8.527043174871485e-05,0.59852,50
Hex72,6,11,0.5203015400000001,0.0017543066100430675,0.00706792,6.533425516495299e-05,0.581528,50
Hex72,6,12,0.5228558799999999,0.0016476895839016435,0.0049343,4.827187037382904e-05,0.411544,50
Hex72,6,13,0.52139848,0.0015106050989249155,0.00494098,5.484541913414467e-05,0.411544,50
Hex72,6,14,0.51980696,0.008576527861648484,0.0049038599999999995,9.069302563019491e-05,0.411544,50
Hex72,6,15,0.54780792,0.001696483022765222,0.0032581,4.6081228193666174e-05,0.257336,50
Hex72,6,16,0.54033092,0.0015925669414053342,0.0027938800000000003,6.400626244870935e-05,0.206104,50
Hex72,7,1,0.41819249999999997,0.002540179563394236,0.13725546,0.0014231722429352057,15.2865,50
Hex72,7,2,0.44603496,0.002192345812510576,0.11270784,0.0008282741427270347,12.1755,50
Hex72,7,3,0.43635967999999997,0.0018169432217382054,0.08494018,0.0008879588998118675,8.494,50
Hex72,7,4,0.46637822,0.0023378372989424486,0.0268393,0.00022411879594062974,2.75822,50
Hex72,7,5,0.48624228,0.002552294326319608,0.021277400000000002,0.0001990812571257661,2.12587,50
Hex72,7,6,0.49486246,0.0019487301067565963,0.0183392,0.0001678666866587768,1.71043,50
Hex72,7,7,0.50183354,0.0021684298580742145,0.01594274,0.00016594070861458384,1.49211,50
Hex72,7,8,0.49876124,0.0020381122273880267,0.01180962,0.00010509565904936509,1.05574,50
Hex72,7,9,0.5029829,0.0018987537077928655,0.0109374,0.00017908429209025954,0.953816,50
Hex72,7,10,0.50662564,0.0018926329329205698,0.00932774,0.000130244167874443,0.8022,50
Hex72,7,11,0.50831224,0.0032582763726879214,0.0091516,0.00013657381946502524,0.785208,50
Hex72,7,12,0.5115056,0.0018977488705068978,0.00483888,8.995024475015197e-05,0.411544,50
Hex72,7,13,0.51120742,0.0018662925934830707,0.00486058,7.230634657553956e-05,0.411544,50
Hex72,7,14,0.51184586,0.008642955803474664,0.00483486,9.315293766660486e-05,0.411544,50
Hex72,7,15,0.53987168,0.001547770541977152,0.00321748,5.091378867802924e-05,0.257336,50
Hex72,7,16,0.5428435,0.001591744047340818,0.0027748,4.420591889448881e-05,0.206104,50
Hex72,8,1,0.44746968000000004,0.004858141655457337,0.32529297999999995,0.0019726544686419502,37.1285,50
Hex72,8,2,0.47032648,0.003433521570799117,0.27158244,0.001528862924943015,29.1081,50
Hex72,8,3,0.45173058,0.0025051067604444466,0.18367608000000002,0.0011956721931488514,18.8918,50
Hex72,8,4,0.4637732,0.0021894978363794317,0.03406548,0.0003014637244227854,3.52054,50
Hex72,8,5,0.48350394,0.0020592832457247026,0.02676824,0.00025840417321454763,2.73902,50
Hex72,8,6,0.491384,0.002131184072533484,0.023745759999999998,0.0003976161906940419,2.27395,50
Hex72,8,7,0.49700442,0.002347715599106017,0.02081174,0.0001595492131869395,1.96344,50
Hex72,8,8,0.49532014,0.002293825874661226,0.014053260000000001,0.00013453378454378464,1.27602,50
Hex72,8,9,0.49984320000000004,0.002462994054862029,0.01303828,0.0002260368436646503,1.15721,50
Hex72,8,10,0.50667748,0.0021387837115748633,0.01154882,0.00013968166285799831,1.00559,50
Hex72,8,11,0.50501476,0.001778952438363429,0.01141046,9.416577002763769e-05,0.9886,50
Hex72,8,12,0.5110573,0.0020559982058476977,0.00485136,8.346250777493823e-05,0.411544,50
Hex72,8,13,0.5105666200000001,0.0021460403584275794,0.00484166,8.064297988096443e-05,0.411544,50
Hex72,8,14,0.5105387,0.0024419036505922012,0.00486358,8.289090198962161e-05,0.411544,50
Hex72,8,15,0.5378708,0.008267868449236333,0.0032297,5.332811411537108e-05,0.257336,50
Hex72,8,16,0.54542332,0.001962016356003312,0.0027843,5.4543467032435385e-05,0.206104,50
Poly1560,4,1,1.7059502,0.005039658674509179,0.02166852,0.000293396600615149,0.257752,100
Poly1560,4,2,1.7077065999999999,0.004005263511678081,0.021664799999999998,0.00025077705499732515,0.257752,100
Poly1560,4,3,1.7083649,0.00925250547504062,0.0216425,0.0002635027648255462,0.257752,100
Poly1560,4,4,1.7085631000000001,0.004766562977257469,0.021697980000000002,0.0002913616233404041,0.257752,100
Poly1560,4,5,1.7091614000000002,0.00504836327511954,0.02172851,0.00031605144367729946,0.257752,100
Poly1560,4,6,1.7091186999999999,0.004557221520828125,0.02171745,0.0002713969240872867,0.257752,100
Poly1560,4,7,1.7090501,0.00510970842533301,0.02169229,0.0002768354466925335,0.257752,100
Poly1560,4,8,1.7069922,0.0050661559910105914,0.02176125,0.00022294413736144395,0.257752,100
Poly1560,4,9,1.7052469,0.006005872159307046,0.022121750000000003,0.00029418290795580444,0.257752,100
Poly1560,4,10,1.7099531,0.015829571208228088,0.02191988,0.00030037815493074056,0.257752,100
Poly1560,4,11,1.7098985,0.005003781272218244,0.02185732,0.00025742426090213423,0.257752,100
Poly1560,4,12,1.7089081,0.004960939894451819,0.02179876,0.0003022894164755547,0.257752,100
Poly1560,4,13,1.7074181,0.004683302964422185,0.021854949999999998,0.00032794060114415207,0.257752,100
Poly1560,4,14,1.7100237999999999,0.004938201279695665,0.02184842,0.00027822765840043636,0.257752,100
Poly1560,4,15,1.7094002000000001,0.009323641610920532,0.02182146,0.00036413013602226886,0.257752,100
Poly1560,4,16,1.7106691,0.009632559064512046,0.02177606,0.00029606134431222096,0.257752,100
Poly1560,5,1,1.0681671,0.012079116906563346,0.07634086,0.0005438842906502834,1.41769,100
Poly1560,5,2,1.0650898,0.004834015621644501,0.07651593,0.0005264327876367407,1.41769,100
Poly1560,5,3,1.0648537,0.004633710177611565,0.07649523,0.0005525600265394637,1.41769,100
Poly1560,5,4,1.0660602,0.006234971423067196,0.07639023,0.00048574385017187557,1.41769,100
Poly1560,5,5,1.0658387999999999,0.00506950424528171,0.07634803,0.0005277934332499966,1.41769,100
Poly1560,5,6,1.0662107,0.012140498488342831,0.07635185,0.0004602701089928862,1.41769,100
Poly1560,5,7,1.0644043,0.004459737106669648,0.07637311000000001,0.0005129471371940343,1.41769,100
Poly1560,5,8,1.0658038,0.009210096872674047,0.07638872000000001,0.000592701571730085,1.41769,100
Poly1560,5,9,1.0658757,0.00994019818258623,0.07637516999999999,0.000507244308977339,1.41769,100
Poly1560,5,10,1.068058,0.01212209219532335,0.07644759,0.0005079882503811013,1.41769,100
Poly1560,5,11,1.0674043,0.00870497527018575,0.0765547,0.0005442262879770257,1.41769,100
Poly1560,5,12,1.0647369,0.004583090725259505,0.07638175,0.0004956442063546482,1.41769,100
Poly1560,5,13,1.0653352,0.007056543417998728,0.07634105,0.0005085250085722769,1.41769,100
Poly1560,5,14,1.0646983,0.004702817134441855,0.07639077999999999,0.0004716201943055113,1.41769,100
Poly1560,5,15,1.0682483,0.01354274967641283,0.07636135999999999,0.0005561668872421718,1.41769,100
Poly1560,5,16,1.0686711,0.009320776065035865,0.0766824,0.0005523052149899097,1.41769,100
Poly1560,6,1,0.83300022,0.015129061929287027,0.40169066999999997,0.002480535528099048,10.0868,100
Poly1560,6,2,0.83847118,0.014436807716319418,0.3806729,0.0021736959099862402,9.62738,100
Poly1560,6,3,0.85145416,0.0024141719023593614,0.35775925000000003,0.0020277642780095807,8.96482,100
Poly1560,6,4,0.8743091,0.010829802713723916,0.30522059,0.0012173009977367619,7.63522,100
Poly1560,6,5,0.8817095,0.010766501960931759,0.28937182,0.0013668612675939303,7.11862,100
Poly1560,6,6,0.87002875,0.007447259967107149,0.28483435,0.0017071856240756297,6.93368,100
Poly1560,6,7,0.8916837,0.00892771610539817,0.2423912,0.001517778194093144,5.82174,100
Poly1560,6,8,0.89552954,0.008670165599550929,0.23250984,0.0015387684090095103,5.45043,100
Poly1560,6,9,0.90532938,0.00426739685697844,0.22179132,0.0013797399175206895,5.05919,100
Poly1560,6,10,0.9312527,0.009320506221891768,0.18850649,0.0011162606633693848,4.18745,100
Poly1560,6,11,0.9333492699999999,0.009256010405316815,0.18532755,0.0009455689578451692,4.08665,100
Poly1560,6,12,0.9696526,0.003731790189734953,0.1416981,0.0009366512292483935,3.16458,100
Poly1560,6,13,0.9751624,0.02414905755444044,0.1383617,0.003603292390370931,3.01022,100
Poly1560,6,14,0.9792796,0.009858499711703422,0.13503442,0.0009191457626129231,2.89231,100
Poly1560,6,15,0.98802824,0.003939586414020561,0.1257197,0.0007585066868125771,2.64962,100
Poly1560,6,16,0.9895558,0.0036797760472039244,0.12217848,0.0008837660401584648,2.54556,100
Poly1560,7,1,0.8614892199999999,0.026995635708474183,1.74101,0.007744362954805101,48.47,100
Poly1560,7,2,0.87438698,0.05596457987500179,1.454159,0.005029125574133531,40.2724,100
Poly1560,7,3,0.8697396000000001,0.03357356543533027,1.3159132,0.0043197656782690795,35.3173,100
Poly1560,7,4,0.9219994199999999,0.002666571283066851,0.6539784000000001,0.003087951257662109,17.877,100
Poly1560,7,5,0.92574754,0.00293163485751172,0.60266616,0.002402863509408823,16.2055,100
Poly1560,7,6,0.92106172,0.014165764475429247,0.55032978,0.002333187859447835,13.8762,100
Poly1560,7,7,0.93478436,0.011135346222971899,0.42278158,0.0024441625414216785,10.7827,100
Poly1560,7,8,0.93116305,0.004120091543983954,0.38092907,0.0022204310904357575,9.23582,100
Poly1560,7,9,0.93036333,0.004134092493956302,0.3655426,0.0018415379606747343,8.72842,100
Poly1560,7,10,0.94897896,0.008844106230054282,0.32586661,0.0011770807143011918,7.65719,100
Poly1560,7,11,0.94838431,0.0038295731905946388,0.31689596999999997,0.0013389717255861652,7.28388,100
Poly1560,7,12,0.97050886,0.01187257436536028,0.16529119,0.0009483249208233151,3.82452,100
Poly1560,7,13,0.97161434,0.003659759710111791,0.16094033,0.0011333178346088204,3.63604,100
Poly1560,7,14,0.97361361,0.003208027981990233,0.15682426,0.0010196351161572506,3.51814,100
Poly1560,7,15,0.98768045,0.006580171641823523,0.1419122,0.001069442873932993,3.17196,100
Poly1560,7,16,0.98925265,0.0037777833818660187,0.13616966,0.0009016621824791867,2.96518,100
Poly1560,8,1,0.9651832,0.037055592050078176,4.7812957,0.008029932544970008,143.45,100
Poly1560,8,2,0.93707599,0.056958230845243964,4.0226542,0.04088170107996872,116.634,100
Poly1560,8,3,0.9197179900000001,0.07961763354853364,3.4277461,0.005105323601967673,94.9662,100
Poly1560,8,4,0.9467572,0.003154505884245168,1.0167023,0.0031709743762681993,29.5821,100
Poly1560,8,5,0.9457766200000001,0.014666465172706826,0.87246504,0.003898934365990672,24.2494,100
Poly1560,8,6,0.9452784099999999,0.01322849730511421,0.77703654,0.0034830470156940697,20.3025,100
Poly1560,8,7,0.9604088000000001,0.012748333471596606,0.5933684800000001,0.0025704921844469796,15.8706,100
Poly1560,8,8,0.94708943,0.005044566436315811,0.51583214,0.003262815330231227,12.7483,100
Poly1560,8,9,0.95269882,0.003695357670200144,0.49958885000000003,0.003125237960636929,12.1902,100
Poly1560,8,10,0.9670737300000001,0.010399713511841737,0.45339531,0.002610955917268462,10.914,100
Poly1560,8,11,0.9681928200000001,0.015773256925184442,0.4441249,0.0023915131742531233,10.5406,100
Poly1560,8,12,0.97126091,0.0066373497207131114,0.17883564,0.001099137444369976,4.2402,100
Poly1560,8,13,0.97231068,0.003301267558457697,0.17394317999999998,0.0011014065881059692,4.05172,100
Poly1560,8,14,0.97778566,0.0036258589625860556,0.17190479,0.0009398786542673873,3.93382,100
Poly1560,8,15,0.98806456,0.009344877632481907,0.14645424,0.0010712727266898442,3.27583,100
Poly1560,8,16,0.9903223099999999,0.0036312259267652575,0.14043178,0.0010325166330746247,3.06905,100
Poly264,4,1,0.7907592,0.002699827810080053,0.00476986,7.578299039133428e-05,0.183896,50
Poly264,4,2,0.79071122,0.0020507425264513213,0.00475224,9.8728355416594e-05,0.183896,50
Poly264,4,3,0.7911366,0.002050809307645769,0.00476772,6.0743703797351775e-05,0.183896,50
Poly264,4,4,0.79109194,0.0020541316493986506,0.00477524,0.0001010190040718748,0.183896,50
Poly264,4,5,0.7912792000000001,0.002123539892130447,0.00478466,6.383256478107876e-05,0.183896,50
Poly264,4,6,0.7912894199999999,0.002682907401704817,0.00477408,6.308007221146853e-05,0.183896,50
Poly264,4,7,0.79181212,0.006995840028159004,0.00479746,9.280618601831077e-05,0.183896,50
Poly264,4,8,0.7914527200000001,0.00270650173365652,0.00478582,0.00015845319787990189,0.183896,50
Poly264,4,9,0.7923272400000001,0.008733368318473825,0.0047685,9.04689032153015e-05,0.183896,50
Poly264,4,10,0.79290774,0.008863923362710214,0.00477334,7.369590302349912e-05,0.183896,50
Poly264,4,11,0.7944534,0.013724358296585724,0.00476886,6.844959712765872e-05,0.183896,50
Poly264,4,12,0.7913355,0.002133766749393264,0.00477382,9.357670432237253e-05,0.183896,50
Poly264,4,13,0.79154866,0.002076761938053315,0.0047703400000000005,6.669229065381599e-05,0.183896,50
Poly264,4,14,0.79125812,0.0020522172045604465,0.00479158,7.875642895688468e-05,0.183896,50
Poly264,4,15,0.79182696,0.002107295316131029,0.00476594,7.699387995821754e-05,0.183896,50
Poly264,4,16,0.7932473600000001,0.0022993674086582987,0.00478628,9.536975090538457e-05,0.183896,50
Poly264,5,1,0.60894898,0.0026622760976277426,0.021456680000000002,0.0002070680101230669,1.27796,50
Poly264,5,2,0.60869156,0.00288560906569133,0.02151088,0.00022330738766945246,1.27796,50
Poly264,5,3,0.60834992,0.0027123044862482682,0.02154532,0.00024361976395143945,1.27796,50
Poly264,5,4,0.6133681599999999,0.010392688531494297,0.02088372,0.00020918988932526903,1.24481,50
Poly264,5,5,0.65154228,0.0027105799292131256,0.01667872,0.00015130008565221407,0.976904,50
Poly264,5,6,0.65128678,0.002357419016636626,0.0167197,0.00012873564909122401,0.976904,50
Poly264,5,7,0.65536124,0.002549891334699479,0.016321719999999998,9.523805619046821e-05,0.94292,50
Poly264,5,8,0.66916192,0.002447917472598503,0.01483424,0.00019829935729104325,0.8578,50
Poly264,5,9,0.68735444,0.0030568278286284916,0.013735820000000001,0.0001465797393912271,0.755656,50
Poly264,5,10,0.69610922,0.0024383298841792597,0.012098040000000001,0.00013434450992481534,0.653896,50
Poly264,5,11,0.6974696,0.010277735371537209,0.01208014,0.00015915734866054116,0.653896,50
Poly264,5,12,0.6991547,0.002390403067796445,0.011738759999999999,0.00012709671072671787,0.636936,50
Poly264,5,13,0.71643236,0.002513996044677293,0.01062284,0.000130935622131096,0.550344,50
Poly264,5,14,0.72650752,0.002543912038332994,0.010101800000000001,0.00012651772482098137,0.498656,50
Poly264,5,15,0.74524474,0.0022974092668011223,0.00722112,9.045319908377915e-05,0.34336,50
Poly264,5,16,0.74546054,0.002583152141892396,0.00719664,9.829127060706368e-05,0.34336,50
Poly264,6,1,0.47810361999999995,0.0036187178634292626,0.10847391999999999,0.001912429588833247,7.49113,50
Poly264,6,2,0.52861502,0.014771033761634519,0.08733461999999999,0.0006143594935759831,6.19839,50
Poly264,6,3,0.54571802,0.002343375661175088,0.07552684,0.0004425008871200599,5.11375,50
Poly264,6,4,0.5749664,0.0029426024230956105,0.04929416,0.0002991657352419513,3.40038,50
Poly264,6,5,0.61803992,0.0031488264923910446,0.04270066,0.00026775579873291623,2.93056,50
Poly264,6,6,0.63134174,0.002909592178520235,0.03565036,0.000264898961099958,2.2109,50
Poly264,6,7,0.63976738,0.002762351696194635,0.028449040000000002,0.00028305382483743643,1.75979,50
Poly264,6,8,0.65934928,0.0024990492154466485,0.023935559999999998,0.00018147042936713913,1.43482,50
Poly264,6,9,0.6768565599999999,0.0023441169884436687,0.02204122,0.00017482297635386634,1.28634,50
Poly264,6,10,0.68765264,0.0029608808587296824,0.019609079999999997,0.00017814427081579062,1.11713,50
Poly264,6,11,0.68973258,0.002025175266690842,0.018870659999999997,0.00020620493174885744,1.04942,50
Poly264,6,12,0.6946400199999999,0.0024716155543634552,0.014365159999999998,0.00017777208063433694,0.809256,50
Poly264,6,13,0.7131763600000001,0.00242821523236592,0.01273534,0.00016275957102174866,0.688872,50
Poly264,6,14,0.72549844,0.003243559534756562,0.01222958,0.00011641955968629596,0.637184,50
Poly264,6,15,0.74406366,0.002341607816812004,0.00945414,0.00012211252923397485,0.481888,50
Poly264,6,16,0.74573248,0.002412413747977035,0.0089484,8.214596267421477e-05,0.447648,50
Poly264,7,1,0.52236436,0.0060012010626445235,0.34211402,0.0018580649522927796,24.5514,50
Poly264,7,2,0.5638116200000001,0.01827896296671032,0.26210126,0.0022217993058577996,18.6841,50
Poly264,7,3,0.5520944999999999,0.0033329703994595342,0.19945668000000003,0.0025962235402638943,13.5552,50
Poly264,7,4,0.572037,0.003344925233293944,0.08128802,0.0004644402595532367,5.85782,50
Poly264,7,5,0.6161576,0.002568353462863725,0.0648819,0.00040808173701065284,4.57181,50
Poly264,7,6,0.62928464,0.0027682038069359494,0.05026378,0.0003818982282424129,3.25723,50
Poly264,7,7,0.63727164,0.002778609201065322,0.040333959999999995,0.00026210380869154165,2.60635,50
Poly264,7,8,0.6596671000000001,0.002659737797802861,0.03092436,0.0002568407558732665,1.87905,50
Poly264,7,9,0.67513478,0.0026173414014676755,0.0284681,0.00040271320883654747,1.71367,50
Poly264,7,10,0.68534434,0.0023049667810258476,0.0255571,0.00020609283127280466,1.51054,50
Poly264,7,11,0.68884714,0.00927067697373976,0.02485526,0.00022909313764119126,1.44282,50
Poly264,7,12,0.6946488,0.002340844039300042,0.01528888,0.0001698105354775837,0.879368,50
Poly264,7,13,0.7101659599999999,0.00882573450480965,0.01365746,0.00020372222084325052,0.758984,50
Poly264,7,14,0.71928078,0.0023133144195447044,0.013082799999999999,0.00012506520748173313,0.707296,50
Poly264,7,15,0.74116202,0.0025211968852681217,0.00983874,0.00011287971022106612,0.517504,50
Poly264,7,16,0.74340122,0.0020544208011415975,0.00946976,0.00012553502804120507,0.483264,50
Poly264,8,1,0.58304206,0.017912168723638183,0.8162862200000001,0.006839663466748001,61.1679,50
Poly264,8,2,0.5982502199999999,0.030199733680600298,0.62369258,0.0029066684561328223,46.823,50
Poly264,8,3,0.58299086,0.004387271626756057,0.44201265999999995,0.001787724818001348,30.8472,50
Poly264,8,4,0.5776832000000001,0.006825464711696358,0.12213552,0.0006668995041019515,9.33724,50
Poly264,8,5,0.6188724,0.0025215075827361546,0.09214036,0.00042695140286473236,6.7809,50
Poly264,8,6,0.62962572,0.002577302933261032,0.06492438,0.0003732231312690649,4.28942,50
Poly264,8,7,0.6412568799999999,0.002288048528099597,0.052610000000000004,0.00045066001484444135,3.48811,50
Poly264,8,8,0.65897324,0.0024988785530427747,0.03779482,0.0002746304150999291,2.3579,50
Poly264,8,9,0.6796732,0.009357431956275534,0.03553844,0.0002946669624771502,2.17562,50
Poly264,8,10,0.6869818999999999,0.002655907118565895,0.0318443,0.00024597479960519644,1.90426,50
Poly264,8,11,0.6869430599999999,0.002142724247402862,0.03110642,0.0002786098207976488,1.83655,50
Poly264,8,12,0.6977016399999999,0.002262348163898266,0.01643886,0.00019745937427682672,0.948488,50
Poly264,8,13,0.7131141,0.002473846069898247,0.01462284,0.00015000793992591294,0.828104,50
Poly264,8,14,0.7224621999999999,0.0023416250244439347,0.01404408,0.00014799266942683908,0.776416,50
Poly264,8,15,0.7424053,0.009192949182023428,0.01040784,0.00018340023813217564,0.552128,50
Poly264,8,16,0.7433847,0.003154412020310215,0.01000288,0.00013515171218346608,0.517888,50
Poly468,4,1,0.9195482800000001,0.0043689398986902295,0.00666408,0.00014676134173743243,0.193656,50
Poly468,4,2,0.9178936,0.002638688581203063,0.00666952,0.00011786506293734584,0.193656,50
Poly468,4,3,0.91821062,0.0027885437124647184,0.00668778,8.114896606782829e-05,0.193656,50
Poly468,4,4,0.91841368,0.003932600834572666,0.00668094,7.723497410169697e-05,0.193656,50
Poly468,4,5,0.9179443,0.0028987344335634755,0.00670388,7.504737007452055e-05,0.193656,50
Poly468,4,6,0.9205500999999999,0.01230188062319526,0.0066865200000000005,0.0001039168113130373,0.193656,50
Poly468,4,7,0.9183253,0.0025199986981694045,0.00669422,8.339487822573826e-05,0.193656,50
Poly468,4,8,0.91812686,0.0026031832319649843,0.0066897,0.00010069923899759062,0.193656,50
Poly468,4,9,0.91821578,0.0028868309175513985,0.00667428,0.0001104970292333135,0.193656,50
Poly468,4,10,0.9181773599999999,0.002540548492602591,0.00669032,6.929718314503649e-05,0.193656,50
Poly468,4,11,0.91869552,0.003012186874166003,0.006692900000000001,0.000106196054732821,0.193656,50
Poly468,4,12,0.9196298,0.010210618038820861,0.0066538,0.0001377941380821257,0.193656,50
Poly468,4,13,0.9194775,0.00935044407818066,0.0066792200000000005,0.00010893085056163666,0.193656,50
Poly468,4,14,0.91854036,0.0026049924184934183,0.0066926799999999995,8.672203778010923e-05,0.193656,50
Poly468,4,15,0.91799328,0.002671797759363301,0.00667006,0.00010115746666076852,0.193656,50
Poly468,4,16,0.9186788,0.0033674945146388003,0.0066985000000000005,0.00013881175772114068,0.193656,50
Poly468,5,1,0.69022016,0.002669296256410998,0.02880662,0.0002604144177644391,1.29884,50
Poly468,5,2,0.69011848,0.0028824394518305796,0.0289452,0.00031511986705418115,1.29884,50
Poly468,5,3,0.6899227,0.002945470103846424,0.028902,0.00019427121794658364,1.29884,50
Poly468,5,4,0.6943131,0.0033795235520374008,0.02866256,0.0002862763157852773,1.28226,50
Poly468,5,5,0.7029149,0.00282222311597197,0.02756752,0.00020851929289685429,1.21494,50
Poly468,5,6,0.7069477200000001,0.00283081257563395,0.02731592,0.0002277152572124821,1.19814,50
Poly468,5,7,0.717937,0.006111911267920925,0.02655904,0.00024233237084463917,1.14742,50
Poly468,5,8,0.73608402,0.0029981796619459157,0.02515788,0.00024311084563487925,1.0629,50
Poly468,5,9,0.73528052,0.002637183982344554,0.025201980000000002,0.00025277508676646885,1.0629,50
Poly468,5,10,0.75701646,0.010488546459109484,0.023195399999999998,0.00026777061459543376,0.94284,50
Poly468,5,11,0.75862414,0.0027924966154584657,0.02291456,0.00019263332621160582,0.925848,50
Poly468,5,12,0.77338328,0.0027012390206219536,0.021219679999999998,0.00022883105255241222,0.857752,50
Poly468,5,13,0.77642736,0.002853470502488403,0.02098278,0.00015194941290321823,0.840584,50
Poly468,5,14,0.7834892999999999,0.0027328535975632293,0.02040134,0.0002538881008537071,0.8066,50
Poly468,5,15,0.81981448,0.008985600267820797,0.01626152,0.0001943849788435311,0.63316,50
Poly468,5,16,0.8217962,0.010537126785702032,0.01599598,0.00019546777906617022,0.615608,50
Poly468,6,1,0.51564084,0.003254565003442499,0.15295066000000002,0.0013682788325752435,8.23364,50
Poly468,6,2,0.56335786,0.002721239281080946,0.12911534,0.0009863034183562511,6.88588,50
Poly468,6,3,0.57664194,0.002960301138914953,0.12101404,0.0005927321369070933,6.40035,50
Poly468,6,4,0.6340813,0.0028074615831416706,0.07992834,0.0003848091289383423,4.12598,50
Poly468,6,5,0.65058808,0.0032653296851394816,0.07195872,0.0004310284824150963,3.65054,50
Poly468,6,6,0.6658286200000001,0.010743231710586294,0.0632857,0.00042507589958519525,3.05468,50
Poly468,6,7,0.68218594,0.002532720199424204,0.05167982,0.0003404929014214064,2.49655,50
Poly468,6,8,0.70548792,0.002889080729723061,0.04597134,0.0003600949767004505,2.14226,50
Poly468,6,9,0.70711182,0.0028917466770949692,0.04527572,0.0004653686289559348,2.09961,50
Poly468,6,10,0.7274209,0.00297041728154995,0.04215306,0.00033924871437351385,1.89475,50
Poly468,6,11,0.73177406,0.002952418395837825,0.0384912,0.0002996301121076328,1.66603,50
Poly468,6,12,0.7656524,0.0029319676613746887,0.02582618,0.00024362732412688118,1.10145,50
Poly468,6,13,0.7696024199999999,0.0029016774043259036,0.02563612,0.00023795837742713588,1.08428,50
Poly468,6,14,0.7791822,0.003087342163196862,0.02517188,0.0002419092965454244,1.0503,50
Poly468,6,15,0.81821904,0.00989570173432353,0.01909524,0.00022288887686147863,0.806968,50
Poly468,6,16,0.8180957999999999,0.0031003948333154286,0.01787746,0.00032255265097819484,0.720936,50
Poly468,7,1,0.57923214,0.036106530503220595,0.5078416,0.002730541226159214,28.3765,50
Poly468,7,2,0.6002479000000001,0.004823551245964844,0.39944376,0.0019448503280117336,22.6292,50
Poly468,7,3,0.5948422,0.0035561245759956235,0.32643098000000004,0.002039766157966072,17.5404,50
Poly468,7,4,0.63133798,0.00243450953439521,0.1432705,0.000994784650062514,7.71494,50
Poly468,7,5,0.64743358,0.0030462242744427248,0.11252208,0.0004424440395838391,5.95204,50
Poly468,7,6,0.66108978,0.0038333367054761824,0.09886884,0.0006529596468451657,4.88712,50
Poly468,7,7,0.6782661,0.0031115971373071325,0.07776092,0.0003121352297204738,3.91133,50
Poly468,7,8,0.70335572,0.002985959914981704,0.062388019999999995,0.00048176526971341636,2.98553,50
Poly468,7,9,0.70487168,0.002921376377039854,0.06082486,0.0004074408438344024,2.90909,50
Poly468,7,10,0.72459672,0.002818648916753981,0.05678206,0.000411014544158968,2.63639,50
Poly468,7,11,0.73213936,0.0025824253491788674,0.05332344,0.0004046066449563788,2.40767,50
Poly468,7,12,0.76506802,0.003400649430713534,0.02939376,0.0003123619407687438,1.27585,50
Poly468,7,13,0.76835888,0.0028981268872659534,0.02917494,0.00028971036979602056,1.25868,50
Poly468,7,14,0.7777587800000001,0.01076920030815394,0.028628140000000003,0.0002483818661427834,1.2247,50
Poly468,7,15,0.8140948,0.0033620609143554677,0.01956704,0.00020198524496525314,0.843384,50
Poly468,7,16,0.81668774,0.003127796112737706,0.01837342,0.00022756098890949953,0.757352,50
Poly468,8,1,0.6484724799999999,0.022485187171385628,1.2773578,0.006036348839002148,74.9282,50
Poly468,8,2,0.66555818,0.01786358287380747,1.037355,0.0021001625301536203,58.5435,50
Poly468,8,3,0.6326513,0.006844253639934386,0.7522345199999999,0.003643587479954556,41.0061,50
Poly468,8,4,0.6444144199999999,0.0026865493769320345,0.2248716,0.0012138995016062906,12.7284,50
Poly468,8,5,0.6533006399999999,0.0037883111834770286,0.15831932,0.0008503909170709268,8.67116,50
Poly468,8,6,0.66193558,0.0032326637723243,0.13069150000000002,0.0009045769842352635,6.73918,50
Poly468,8,7,0.68125852,0.0031771298833239755,0.10279496,0.0005075389583920768,5.39258,50
Poly468,8,8,0.70624146,0.002984573932673108,0.08095476,0.0006913409791034773,3.89516,50
Poly468,8,9,0.7063512,0.0029370268876494,0.07842458,0.0005553501594416229,3.78493,50
Poly468,8,10,0.72718054,0.0033916520278411745,0.07136732,0.0004793781448024993,3.37604,50
Poly468,8,11,0.73696932,0.009412728463097195,0.06806514,0.00034168573757958643,3.14732,50
Poly468,8,12,0.76719414,0.0033485370915475035,0.03308692,0.00029819216102701146,1.44935,50
Poly468,8,13,0.7727693800000001,0.003008226502341165,0.0328491,0.00025471923318646746,1.43218,50
Poly468,8,14,0.77908164,0.009471498501702624,0.03225024,0.00027384842820920733,1.3982,50
Poly468,8,15,0.81707038,0.0032583706513582326,0.020195059999999997,0.00020183377784095265,0.877112,50
Poly468,8,16,0.81921956,0.0028375558407523374,0.018954,0.0001950720432066478,0.79108,50
Poly940,4,1,1.288185,0.005336981968361163,0.015025839999999999,0.00024590145363124463,0.21564,50
Poly940,4,2,1.2849104,0.004107938039792655,0.01521882,0.00023589081614776178,0.21564,50
Poly940,4,3,1.287534,0.003714279120873271,0.01514724,0.00024060922336300195,0.21564,50
Poly940,4,4,1.289683,0.003358985664434655,0.01531798,0.00023496725694601518,0.21564,50
Poly940,4,5,1.2898733999999998,0.004107964692930949,0.01533556,0.00022067883765271895,0.21564,50
Poly940,4,6,1.2896744,0.003336890988538247,0.01535626,0.0001423854799407552,0.21564,50
Poly940,4,7,1.2897370000000001,0.003236996119483473,0.01535486,0.00015999247558837873,0.21564,50
Poly940,4,8,1.2890132,0.003736415088595713,0.01533722,0.0001785392302400062,0.21564,50
Poly940,4,9,1.2908008000000002,0.0033354526296887994,0.01538408,0.00013213456962428828,0.21564,50
Poly940,4,10,1.2897334,0.003610327369406514,0.01537828,0.00016875039410384822,0.21564,50
Poly940,4,11,1.2915763999999998,0.003809131756016544,0.01542804,0.0002678584731395537,0.21564,50
Poly940,4,12,1.2899439999999998,0.0031459484796694686,0.01536232,0.00017947377046720296,0.21564,50
Poly940,4,13,1.2897882,0.0033553920601847582,0.015354840000000002,0.00019245803783300561,0.21564,50
Poly940,4,14,1.2898954,0.003583606215839589,0.015352699999999999,0.00024194536826418022,0.21564,50
Poly940,4,15,1.2904626,0.0038262257259762374,0.01534486,0.0001955649075402446,0.21564,50
Poly940,4,16,1.2897786,0.003038550278655672,0.015363340000000001,0.00016886748940986778,0.21564,50
Poly940,5,1,0.88127548,0.004178125857757911,0.06075692,0.001489297723007426,1.3439,50
Poly940,5,2,0.8807642800000001,0.004072790900097674,0.06061228,0.0011141632357596289,1.3439,50
Poly940,5,3,0.880563,0.0037857487922955723,0.06075748,0.001485374868372236,1.3439,50
Poly940,5,4,0.88073858,0.0039882520803899415,0.06070602,0.0010770726670954393,1.3439,50
Poly940,5,5,0.88075866,0.0042647916838376276,0.061189539999999994,0.0018616224239592079,1.3439,50
Poly940,5,6,0.8819256,0.006538010875188391,0.06089498,0.0013165676384184035,1.3439,50
Poly940,5,7,0.88421944,0.00392368717761178,0.05971316,0.0007013597394216699,1.3269,50
Poly940,5,8,0.89032388,0.0039691168998781,0.059172279999999994,0.0005380994157444238,1.30998,50
Poly940,5,9,0.90872276,0.0036341442557824683,0.056114819999999996,0.0007436905679221212,1.24175,50
Poly940,5,10,0.9138979,0.0038790039077482895,0.05529276,0.001848775088803284,1.2077,50
Poly940,5,11,0.92249586,0.0042625537090876815,0.053118420000000006,0.0006320670362923123,1.17327,50
Poly940,5,12,0.93757738,0.010942050762698429,0.05119936,0.0004598417988830507,1.12095,50
Poly940,5,13,0.9440138399999999,0.010513586237136902,0.05004002,0.00034953803273253455,1.08598,50
Poly940,5,14,0.94224982,0.00325179304189965,0.05046824,0.0012033508922155325,1.08598,50
Poly940,5,15,0.9679788,0.003689811692557028,0.047845700000000005,0.0008261877597046051,0.998776,50
Poly940,5,16,0.96850366,0.003815373866239542,0.04766688,0.0004553391935958182,0.998776,50
Poly940,6,1,0.6494685200000001,0.0035670668693777315,0.31982604,0.004918944519105786,9.0753,50
Poly940,6,2,0.66933896,0.003318730916529165,0.29908302,0.005438650941255222,8.4985,50
Poly940,6,3,0.68510822,0.013933978088068585,0.277179,0.0016540547087662547,7.80554,50
Poly940,6,4,0.7399247,0.012290363687101557,0.20870396,0.0035850392304801397,5.99274,50
Poly940,6,5,0.76191562,0.011274696196440982,0.1835813,0.006445511541422624,5.04426,50
Poly940,6,6,0.7664528799999999,0.0026925993255891645,0.17518412000000003,0.0011135973082303866,4.74186,50
Poly940,6,7,0.79127934,0.003888964914540962,0.14302294,0.0022493575809414495,3.7459,50
Poly940,6,8,0.80510246,0.003578146448731719,0.13176028,0.0029742632703969986,3.3253,50
Poly940,6,9,0.82906208,0.003861621304000459,0.12334076,0.0023001816570675892,3.02156,50
Poly940,6,10,0.8434728200000001,0.003921240836984216,0.11396064,0.0025725257798831225,2.78502,50
Poly940,6,11,0.85077194,0.00401253811685119,0.1120896,0.00048793659675103196,2.75058,50
Poly940,6,12,0.8912885,0.0034906497801634483,0.08080214,0.0011506500914966388,1.99881,50
Poly940,6,13,0.9027131799999999,0.007805705162852858,0.07686254,0.0004161024800185054,1.86118,50
Poly940,6,14,0.91454528,0.0036353765885267244,0.06914668,0.002024181532151216,1.57142,50
Poly940,6,15,0.94194672,0.0034824057485524362,0.06274136000000001,0.0005373177815477044,1.41612,50
Poly940,6,16,0.94627664,0.003788550564260582,0.06093184,0.0010591074478646868,1.34764,50
Poly940,7,1,0.73049622,0.025351658575770715,1.2506072000000001,0.01513396720719889,37.8948,50
Poly940,7,2,0.7225007999999999,0.017979203579328494,1.021393,0.010200007052818686,30.7884,50
Poly940,7,3,0.70976308,0.010432725370033025,0.8655355,0.011645350690472211,24.7682,50
Poly940,7,4,0.75862262,0.015864504413350723,0.38461284,0.007432385513605785,11.45,50
Poly940,7,5,0.76926812,0.004195996958423827,0.31413896,0.006467455825555381,9.07745,50
Poly940,7,6,0.76591376,0.0030031427386275583,0.28735934,0.004508909780939631,8.0699,50
Poly940,7,7,0.78813492,0.002908805750033609,0.22613606,0.004115002484240577,6.33962,50
Poly940,7,8,0.79895986,0.004050059546097901,0.18899671999999998,0.001487548662074897,4.92702,50
Poly940,7,9,0.82669236,0.01150073592988638,0.18023738,0.003842472290288199,4.58949,50
Poly940,7,10,0.8371972200000001,0.0041293966663622,0.16710134,0.004492388386220972,4.21835,50
Poly940,7,11,0.8437353000000001,0.0035795032562109044,0.16627174,0.002903216989858679,4.18392,50
Poly940,7,12,0.8920243800000001,0.0035937753322053023,0.08846036,0.0009032369174140256,2.20361,50
Poly940,7,13,0.9003557999999999,0.0034369981681931783,0.0848267,0.000986803564804163,2.06598,50
Poly940,7,14,0.91254762,0.004106356545301798,0.07692546,0.001582711393624941,1.77622,50
Poly940,7,15,0.9444050199999999,0.0039248881564202765,0.06516878,0.0011401391660491194,1.48562,50
Poly940,7,16,0.9452449,0.0029469161691780886,0.06306262,0.0008867448357185218,1.41714,50
Poly940,8,1,0.7969369199999999,0.038605620015870694,3.1616147999999997,0.01590271523985764,103.855,50
Poly940,8,2,0.7772079,0.02572949893961546,2.5509234000000003,0.01832670156479058,82.1395,50
Poly940,8,3,0.75707878,0.02048270364835977,2.0827544000000002,0.0210675077378819,61.7208,50
Poly940,8,4,0.77376386,0.00453779044951103,0.58728964,0.005549909536898331,18.506,50
Poly940,8,5,0.7836318400000001,0.013974699949113586,0.44058122,0.003919494210861853,13.6373,50
Poly940,8,6,0.7832775399999999,0.006450274432415219,0.38317752,0.005108804609730945,11.2724,50
Poly940,8,7,0.80149818,0.015270389838641372,0.30191898,0.004987963154250768,8.89824,50
Poly940,8,8,0.80252166,0.003642285812956657,0.24203688,0.0031872612940790864,6.52984,50
Poly940,8,9,0.82467618,0.00395542993710506,0.23111908,0.0031257206701423438,6.15851,50
Poly940,8,10,0.83861282,0.004090435697016713,0.21497461999999998,0.004083115251713515,5.65304,50
Poly940,8,11,0.84566228,0.003391387862555054,0.213507,0.0026192599749407333,5.61861,50
Poly940,8,12,0.89266508,0.0041733692444609095,0.095123,0.0030037854620529767,2.41174,50
Poly940,8,13,0.90056452,0.0031582565084332863,0.09040393999999999,0.0005896096740684485,2.2741,50
Poly940,8,14,0.9131342600000001,0.0033289611961250186,0.08353313999999999,0.0006121095010081864,1.98434,50
Poly940,8,15,0.94350414,0.003557224353684895,0.06714574,0.0005563050774383355,1.55666,50
Poly940,8,16,0.94796986,0.003642233274365875,0.06528444,0.00038300669573728346,1.48818,50
Tet1331,4,1,1.6536134999999998,0.011415319086582066,0.02253857,0.000373434219458563,0.24632,100
Tet1331,4,2,1.6544603,0.0036785851625291727,0.02292509,0.000297652298509655,0.24632,100
Tet1331,4,3,1.6552581000000002,0.003989704856049358,0.02280316,0.0003598948982380519,0.24632,100
Tet1331,4,4,1.6550656000000001,0.007929505228683388,0.02279116,0.0002937575692555844,0.24632,100
Tet1331,4,5,1.6560978,0.010810743868480972,0.02286069,0.0003295565031794681,0.24632,100
Tet1331,4,6,1.6543908999999999,0.007407169894668604,0.02300036,0.00023155611140126002,0.24632,100
Tet1331,4,7,1.6539023,0.00357646031628192,0.022993239999999998,0.0002445058971423262,0.24632,100
Tet1331,4,8,1.6552991,0.0038980163551543177,0.02294826,0.0002740410505266269,0.24632,100
Tet1331,4,9,1.6562764,0.0038120037733030488,0.02298236,0.0002550584215113046,0.24632,100
Tet1331,4,10,1.6562178,0.0037208912204937596,0.02297631,0.00024705733579822567,0.24632,100
Tet1331,4,11,1.6564042,0.004096028177183712,0.02285773,0.0003549113946900099,0.24632,100
Tet1331,4,12,1.6555749,0.00438068683674332,0.02288053,0.00029537869735051116,0.24632,100
Tet1331,4,13,1.6582583,0.007926707323977596,0.022918949999999997,0.00032012539762102637,0.24632,100
Tet1331,4,14,1.6539869999999999,0.0039976302323686055,0.02292005,0.0002709501939024174,0.24632,100
Tet1331,4,15,1.655901,0.02944609636113233,0.022986339999999997,0.0005133063200291013,0.24632,100
Tet1331,4,16,1.6516741,0.00431852296462107,0.022933119999999998,0.0002415712572373467,0.24632,100
Tet1331,5,1,1.0865325,0.009348765421112553,0.11173939000000001,0.0008130856167102025,1.42981,100
Tet1331,5,2,1.0854617,0.009757481569327068,0.11148526,0.0007615228445872669,1.42981,100
Tet1331,5,3,1.0842806,0.00880590226994819,0.11179128,0.0007120294381611488,1.42981,100
Tet1331,5,4,1.0836792,0.00719236206546973,0.11192549,0.0011696386085652544,1.42981,100
Tet1331,5,5,1.0830174,0.004015783662529941,0.11164162,0.0008039487367445335,1.42981,100
Tet1331,5,6,1.0840544,0.008890093035610936,0.11165158,0.0008275633721652347,1.42981,100
Tet1331,5,7,1.0849696,0.010284502307704139,0.11159836000000001,0.0008822995840187135,1.42981,100
Tet1331,5,8,1.0841589999999999,0.00892982998921949,0.11207977,0.0007313019503086614,1.42981,100
Tet1331,5,9,1.0838084000000001,0.008855556119285684,0.11184899,0.000813968337495043,1.42981,100
Tet1331,5,10,1.0840685,0.013328589790674814,0.11173477,0.0007788976392468024,1.42764,100
Tet1331,5,11,1.0828892,0.009197630533694169,0.11166337,0.0007505935248154952,1.42764,100
Tet1331,5,12,1.0820366,0.009183172161595081,0.11134266999999999,0.0008040437454177815,1.42326,100
Tet1331,5,13,1.0836404,0.0035476112093815043,0.10998602,0.0006077038583010142,1.39659,100
Tet1331,5,14,1.0868244,0.0038079261621735334,0.10863794,0.0008025935084449537,1.38327,100
Tet1331,5,15,1.08953,0.0036535561754642122,0.10731871,0.000706030964711403,1.36555,100
Tet1331,5,16,1.0971191,0.0034466942426070023,0.10480478,0.0007428653042120225,1.32765,100
Tet1331,6,1,0.81951993,0.009502870448060743,0.68179743,0.004394728566916132,10.1232,100
Tet1331,6,2,0.81906278,0.004740174638942828,0.66116745,0.0041708113867372784,9.83096,100
Tet1331,6,3,0.8248006499999999,0.004618708008105882,0.62505054,0.004288674131531177,9.29437,100
Tet1331,6,4,0.83509153,0.011401893441424369,0.57864343,0.004614007627755932,8.54528,100
Tet1331,6,5,0.8498657299999999,0.004214898160349934,0.50024627,0.0031483319741242273,7.36904,100
Tet1331,6,6,0.8801625900000001,0.009791195578191872,0.41921615,0.003243343235137023,6.20999,100
Tet1331,6,7,0.89684725,0.0035191655616068976,0.37150672999999995,0.002654251888570451,5.43969,100
Tet1331,6,8,0.9134656,0.009445893870359807,0.3386487,0.0014236079608735779,4.89198,100
Tet1331,6,9,0.93115083,0.009690773776378732,0.29255655,0.0013128396270541344,4.18012,100
Tet1331,6,10,0.95198895,0.003920747538429505,0.25208473000000003,0.0017759501190499482,3.58513,100
Tet1331,6,11,0.96195183,0.009827907344332669,0.2355108,0.0017223895956466756,3.30777,100
Tet1331,6,12,0.97148009,0.009971619597430429,0.21647838,0.0014275628930934619,2.98579,100
Tet1331,6,13,0.97806631,0.003978324261951545,0.20218219999999998,0.0015385686447953744,2.7546,100
Tet1331,6,14,0.98764698,0.003631905830165749,0.1915453,0.0013068397419389677,2.59712,100
Tet1331,6,15,0.9981136700000001,0.0038115846489963456,0.183466,0.001325394623910521,2.46892,100
Tet1331,6,16,1.0099678,0.0038122515365303197,0.17398396000000002,0.0010749901565910624,2.31645,100
Tet1331,7,1,0.91442396,0.04200538047833511,3.5248025999999997,0.028932692341035418,54.0782,100
Tet1331,7,2,0.9182236399999999,0.0253625038381426,2.4733949,0.012916781778177207,39.3474,100
Tet1331,7,3,0.9189766899999999,0.029729853817229538,2.1511367000000003,0.010109648162507775,34.1277,100
Tet1331,7,4,0.90290797,0.009667189259076708,1.7087426,0.011976997703088951,26.354,100
Tet1331,7,5,0.89343214,0.012282748380479899,1.131688,0.005926704673157615,17.5319,100
Tet1331,7,6,0.89257122,0.011714407414044564,0.7642962099999999,0.0051200735697346095,11.968,100
Tet1331,7,7,0.89852277,0.010680442326987262,0.62403206,0.0038973938788463103,9.64175,100
Tet1331,7,8,0.9045849,0.004394637520819433,0.54805288,0.0033149605640203444,8.35167,100
Tet1331,7,9,0.91299299,0.0033060472339381864,0.44940536000000003,0.003075739377381603,6.78869,100
Tet1331,7,10,0.9336032299999999,0.003528071885519614,0.37841108,0.0026102312629459855,5.63474,100
Tet1331,7,11,0.9439858200000001,0.003637091660248679,0.34554074,0.00238169637201824,5.09244,100
Tet1331,7,12,0.95229325,0.0036946558193879674,0.3127527,0.0020819884507582917,4.49366,100
Tet1331,7,13,0.96244558,0.0035100552707381053,0.28538974,0.0018016203796369617,4.06376,100
Tet1331,7,14,0.9727791100000001,0.008891430525273062,0.26640474999999997,0.0012880910735023237,3.76601,100
Tet1331,7,15,0.98311329,0.008658277865829855,0.24692661000000002,0.0016959687312190443,3.49872,100
Tet1331,7,16,0.9960648999999999,0.0036836902679105664,0.23340164000000002,0.0017866735103894255,3.25593,100
Tet1331,8,1,1.00644674,0.061486674704972884,10.858539,0.03196079320073581,177.19,100
Tet1331,8,2,0.9663992399999999,0.027633360762175225,6.6292661,0.06743649380533935,109.861,100
Tet1331,8,3,0.96777351,0.039445759563037315,5.5055812,0.01293100504503606,91.897,100
Tet1331,8,4,0.9494003200000001,0.023252275293850495,3.9675448999999996,0.034983889928585046,63.3442,100
Tet1331,8,5,0.9189276100000001,0.005138664830508316,2.1486585,0.011546460332592049,34.3257,100
Tet1331,8,6,0.90975792,0.006688755217315979,1.1543997,0.0057542076752318365,18.8485,100
Tet1331,8,7,0.9087660700000001,0.006877133671850866,0.86465244,0.005674669607825621,13.776,100
Tet1331,8,8,0.91442678,0.004894699486405907,0.7436922300000001,0.004935865963045543,11.7073,100
Tet1331,8,9,0.92403356,0.00921312099843029,0.59688467,0.0032316486646942664,9.33724,100
Tet1331,8,10,0.9381521899999999,0.003779520400591175,0.49277019000000005,0.0034509985897658215,7.62678,100
Tet1331,8,11,0.94425626,0.003745366669269204,0.44731681,0.0030332668181018937,6.87521,100
Tet1331,8,12,0.95286422,0.0036992611044353012,0.39885195,0.0030203620606266287,5.99395,100
Tet1331,8,13,0.9647465599999999,0.003236142707395066,0.36088434999999996,0.002413982561153984,5.36519,100
Tet1331,8,14,0.9733876499999999,0.0035450461676553757,0.33519236999999996,0.0024010951569286617,4.94201,100
Tet1331,8,15,0.9837808200000001,0.0032813283075946824,0.31159148999999997,0.0015233792877824086,4.54442,100
Tet1331,8,16,0.99813957,0.012982031811883198,0.28863017,0.0018487932021027697,4.1982,100
Tet137,4,1,0.60211972,0.002185525949308785,0.00353068,4.90112190405088e-05,0.1744,50
Tet137,4,2,0.60333298,0.008422977079224585,0.00351132,4.86610266045023e-05,0.1744,50
Tet137,4,3,0.60186482,0.0018415006822852884,0.00351086,8.863039742062975e-05,0.1744,50
Tet137,4,4,0.60191028,0.002311743295190265,0.0035023199999999997,3.2520913208555e-05,0.1744,50
Tet137,4,5,0.6029228,0.0060485637829764795,0.0034522999999999997,6.427277647587948e-05,0.17226,50
Tet137,4,6,0.6043276399999999,0.011500067734955807,0.003471,5.30017327402547e-05,0.17226,50
Tet137,4,7,0.60236338,0.0021369295051067846,0.0034065600000000003,7.899681212891196e-05,0.17012,50
Tet137,4,8,0.6036311,0.004569723366119348,0.00341028,6.425841960238298e-05,0.17012,50
Tet137,4,9,0.60290658,0.0018601622936656565,0.0033594600000000003,5.100668623637812e-05,0.167932,50
Tet137,4,10,0.60407076,0.002058764792742665,0.00327506,4.944484042746987e-05,0.163636,50
Tet137,4,11,0.6049766000000001,0.002951385955991615,0.0032823999999999996,3.961807462175176e-05,0.163636,50
Tet137,4,12,0.6052656,0.0019708511990963675,0.003071,5.598943048942909e-05,0.152704,50
Tet137,4,13,0.60887838,0.0020112555616543914,0.00302124,4.860232630696781e-05,0.150472,50
Tet137,4,14,0.60898504,0.0020763349279586864,0.0029910799999999997,3.249291288504469e-05,0.148256,50
Tet137,4,15,0.60962384,0.001936672123167227,0.0029951,5.5461422518315416e-05,0.148256,50
Tet137,4,16,0.6117602200000001,0.0018928219758458254,0.00289848,4.5086420418153065e-05,0.143788,50
Tet137,5,1,0.50801314,0.002674571901735122,0.0207777,0.00019511987419564006,1.23941,50
Tet137,5,2,0.51236392,0.0023564851189681584,0.01956288,0.00020223048479295054,1.18,50
Tet137,5,3,0.52210278,0.013241744439753969,0.01787574,0.00015214102078033292,1.08324,50
Tet137,5,4,0.5260842,0.0028222548084965034,0.016745700000000002,0.0001710984022874149,1.01248,50
Tet137,5,5,0.5408867,0.0026379409351899924,0.01354784,0.00019957806104123677,0.850628,50
Tet137,5,6,0.54559928,0.0021643147290841573,0.011813800000000001,0.00010399116916981985,0.736364,50
Tet137,5,7,0.5534246,0.009848507277340908,0.01024028,9.082907023635111e-05,0.624208,50
Tet137,5,8,0.5554716,0.0018497145174102806,0.00885884,9.583858879408033e-05,0.52432,50
Tet137,5,9,0.5612644,0.00246304500443609,0.0076704799999999995,7.744128519763357e-05,0.44944,50
Tet137,5,10,0.56878386,0.009939242528544345,0.006719500000000001,7.323801009345471e-05,0.384744,50
Tet137,5,11,0.56836182,0.002643511337488184,0.00646722,6.755444969407561e-05,0.363096,50
Tet137,5,12,0.57857768,0.004153176077192402,0.00573376,8.077900313162309e-05,0.315464,50
Tet137,5,13,0.5835615200000001,0.002183343216636509,0.00530738,8.160304366072307e-05,0.287056,50
Tet137,5,14,0.58758196,0.002487625094465055,0.0049545200000000005,0.00010173479728977608,0.26278,50
Tet137,5,15,0.590851,0.004623851045372888,0.00471834,6.747625735117835e-05,0.245156,50
Tet137,5,16,0.5907137,0.00300965059501625,0.00419694,7.43358100316478e-05,0.220936,50
Tet137,6,1,0.44003164,0.0022763894053737725,0.10187122,0.0005621938546480924,6.67516,50
Tet137,6,2,0.48125234,0.0022031481428137485,0.07036196,0.0006252346158826765,4.73778,50
Tet137,6,3,0.49466974,0.002374881039426725,0.058722659999999996,0.0003545684131332575,3.94921,50
Tet137,6,4,0.50412238,0.0020694910928209746,0.04454512,0.0004147994666715714,2.9638,50
Tet137,6,5,0.52238142,0.00270030958232721,0.02788354,0.00024417986094229,1.83668,50
Tet137,6,6,0.53544262,0.0022428459589348107,0.02150194,0.0002319816504003041,1.4105,50
Tet137,6,7,0.5457740799999999,0.008448412486644455,0.016620219999999998,0.00019294350341538848,1.06517,50
Tet137,6,8,0.55011164,0.0026936151396991293,0.01413794,0.00020962896376450357,0.886356,50
Tet137,6,9,0.55315614,0.004984845974367034,0.01170424,0.00013902423221459327,0.721952,50
Tet137,6,10,0.5622592399999999,0.008427311345420508,0.00980214,0.00011890606994341277,0.588264,50
Tet137,6,11,0.5613246199999999,0.0016491215706229453,0.0091253,0.00010244326453691129,0.536192,50
Tet137,6,12,0.57155052,0.0021760163212172965,0.007730979999999999,0.00010139486160148195,0.451672,50
Tet137,6,13,0.57744354,0.001955102045564736,0.0070097,5.294018573169271e-05,0.403492,50
Tet137,6,14,0.58491698,0.0021276639147867578,0.0065420800000000005,0.00010201077174014714,0.363784,50
Tet137,6,15,0.58583864,0.001596720973669197,0.00607468,5.856844591708794e-05,0.330736,50
Tet137,6,16,0.5942943199999999,0.0032393303316505147,0.00528742,9.623336643974655e-05,0.286756,50
Tet137,7,1,0.49774928,0.00826397221788403,0.32368285999999996,0.0016444817930749813,22.2208,50
Tet137,7,2,0.5001193399999999,0.016554270529370724,0.18230042000000002,0.0009635036847943268,12.9661,50
Tet137,7,3,0.49938112,0.002565376645298872,0.14809404,0.0007757718463253362,10.4456,50
Tet137,7,4,0.50237036,0.009667387939978449,0.09757686,0.0005630670750633604,6.76786,50
Tet137,7,5,0.52166288,0.002790250655407147,0.047701640000000003,0.0003245514178942108,3.24472,50
Tet137,7,6,0.5354511,0.0025470352533156384,0.03256764,0.0002171036393156078,2.16542,50
Tet137,7,7,0.5454817,0.002463028683535449,0.022728679999999998,0.0002453689799598364,1.51262,50
Tet137,7,8,0.55051138,0.0021856525004339275,0.01931996,0.00017859405113844327,1.24653,50
Tet137,7,9,0.55820472,0.0021303119062614233,0.01577042,0.0002034535588586372,0.987848,50
Tet137,7,10,0.56591156,0.002448222905351083,0.01256464,0.00016311130042560076,0.780556,50
Tet137,7,11,0.56809404,0.0026435047234414245,0.01159748,0.00015274979408115978,0.706716,50
Tet137,7,12,0.57407268,0.0022157276083232145,0.009913739999999999,0.00014747989278376283,0.587368,50
Tet137,7,13,0.58024422,0.005762901902545927,0.00890826,8.330171617900403e-05,0.521984,50
Tet137,7,14,0.58801484,0.005337638579609016,0.00797824,0.00012058269412502343,0.458036,50
Tet137,7,15,0.5870783,0.004582330595196447,0.007344300000000001,8.039602234043208e-05,0.411844,50
Tet137,7,16,0.59053462,0.0020592349271771142,0.0062618,8.68077867286956e-05,0.350484,50
Tet137,8,1,0.54045086,0.01216686361243823,0.85274396,0.005422848287513467,58.0531,50
Tet137,8,2,0.5293259,0.0026772891197276816,0.43142756,0.0022661916733604337,30.6733,50
Tet137,8,3,0.5272072,0.0038669403714997625,0.34311386,0.0017702922393359373,24.3091,50
Tet137,8,4,0.51163736,0.0027682353382910314,0.20311205999999998,0.0013469404242692459,14.3106,50
Tet137,8,5,0.52375402,0.0023106164341392312,0.07855954,0.0006796090175495715,5.42493,50
Tet137,8,6,0.53891454,0.0025489501417049983,0.0449388,0.0003296365345315341,3.02322,50
Tet137,8,7,0.54575816,0.0039102231908740145,0.029227120000000002,0.0003773709613218532,1.9558,50
Tet137,8,8,0.5490309,0.012063197134766756,0.0243268,0.00023822575470356186,1.60671,50
Tet137,8,9,0.5550114,0.002543145738037429,0.01936672,0.00020508415793701548,1.25375,50
Tet137,8,10,0.56254428,0.008414736216511443,0.01544856,0.0001657101181741964,0.973332,50
Tet137,8,11,0.5643319,0.0018616710975653643,0.014000539999999999,0.0001611133724292003,0.877772,50
Tet137,8,12,0.57336234,0.0015605898362935908,0.011805600000000001,0.00015216559186274277,0.723612,50
Tet137,8,13,0.57822222,0.0020521754140921003,0.010647960000000001,0.0001307519789525191,0.643064,50
Tet137,8,14,0.58472518,0.004596331086500926,0.00946258,9.744450854151793e-05,0.552684,50
Tet137,8,15,0.59192408,0.004324807688729038,0.00853998,9.54291039335014e-05,0.48896,50
Tet137,8,16,0.59469682,0.0025686580764822586,0.00713048,0.0001041804243431871,0.412312,50
Tet1820,4,1,1.9808986,0.004688584033844785,0.029276620000000003,0.0003829795147091664,0.267048,100
Tet1820,4,2,1.9851079999999999,0.00842437660673602,0.02950616,0.0003939833027277716,0.267048,100
Tet1820,4,3,1.9847884999999998,0.004477570222901047,0.02952379,0.0005162067022956499,0.267048,100
Tet1820,4,4,1.9841603,0.004004695338921028,0.029466229999999996,0.00047753233229158246,0.267048,100
Tet1820,4,5,1.9839091,0.004239901155461134,0.02944016,0.00046189833854595654,0.267048,100
Tet1820,4,6,1.9836101,0.003961246486558582,0.02949903,0.00044774630837860244,0.267048,100
Tet1820,4,7,1.983846,0.007568854843129435,0.02944289,0.0004731331393759662,0.267048,100
Tet1820,4,8,1.9839000999999998,0.004277136891648317,0.02964173,0.0004713896467795078,0.267048,100
Tet1820,4,9,1.9835533,0.008727920489481266,0.02952236,0.00045928333545015783,0.267048,100
Tet1820,4,10,1.9805514,0.004587390054829813,0.02974222,0.0004493756292475328,0.267048,100
Tet1820,4,11,1.9816763,0.004553172865312079,0.02944823,0.00043207967500862103,0.267048,100
Tet1820,4,12,1.9819699,0.006550701018080626,0.02949019,0.00047985836915119496,0.267048,100
Tet1820,4,13,1.9811354,0.004485906869791702,0.029614989999999997,0.00045300133776866717,0.267048,100
Tet1820,4,14,1.9800297,0.0046495794216229736,0.029517440000000002,0.00043050157075699767,0.267048,100
Tet1820,4,15,1.9784399,0.005081771641878646,0.029552830000000002,0.00044171454411740674,0.267048,100
Tet1820,4,16,1.9749765,0.004912912973876998,0.029722870000000002,0.0004965414455729926,0.267048,100
Tet1820,5,1,1.2084941999999999,0.009813677445794781,0.14690451,0.001214458905950475,1.47462,100
Tet1820,5,2,1.2149622,0.02770693180160131,0.14724643,0.0025746761657899557,1.47462,100
Tet1820,5,3,1.2091849000000001,0.004557538209971864,0.14712146,0.0010678260973311213,1.47462,100
Tet1820,5,4,1.2084264,0.00443191536220828,0.14702674,0.0010905868832417653,1.47462,100
Tet1820,5,5,1.2087632,0.00911962894425032,0.14684399,0.0010676338748878667,1.47462,100
Tet1820,5,6,1.2080756,0.004641444463426302,0.14719025,0.0009938847094389607,1.47462,100
Tet1820,5,7,1.2075359,0.004280459499312264,0.14717257,0.0009949774806344606,1.47462,100
Tet1820,5,8,1.2080148,0.004165489162102806,0.14680915,0.0010481228759698516,1.47462,100
Tet1820,5,9,1.2074644,0.004377941797675974,0.14692634999999998,0.0010894818838569668,1.47462,100
Tet1820,5,10,1.2073774,0.003865569494285619,0.14725799,0.0011652188981934135,1.47462,100
Tet1820,5,11,1.2073603,0.010010785239990527,0.14681123,0.0011250643335589596,1.47462,100
Tet1820,5,12,1.2066237,0.004397867402147165,0.14669752,0.0011542508828699504,1.47238,100
Tet1820,5,13,1.207063,0.004414681085979942,0.14640699,0.0010252494005032742,1.47015,100
Tet1820,5,14,1.2083569,0.004273168742398337,0.14525894,0.0011619037132171832,1.45906,100
Tet1820,5,15,1.2095034,0.009327229846318813,0.14464085000000002,0.0010706705477023129,1.45465,100
Tet1820,5,16,1.2124182000000001,0.004629805803462802,0.14334425,0.0010974153507310714,1.44127,100
Tet1820,6,1,0.9299699800000001,0.004143829437083097,0.9143960099999999,0.007257699334235439,10.2709,100
Tet1820,6,2,0.93285606,0.003878251443497426,0.89859745,0.006826051792821583,10.1081,100
Tet1820,6,3,0.9339367300000001,0.004135280342639685,0.86868166,0.005990752276027385,9.77564,100
Tet1820,6,4,0.93710445,0.0039249693774138375,0.83299278,0.0017938892490841779,9.3402,100
Tet1820,6,5,0.9489601000000001,0.0032258775879008827,0.7539405499999999,0.0015479792847973178,8.48427,100
Tet1820,6,6,0.9602251900000001,0.003621660391842173,0.65188309,0.0024069412715617858,7.43029,100
Tet1820,6,7,0.96534142,0.010342061946080464,0.5843797399999999,0.0015570773296484188,6.64293,100
Tet1820,6,8,0.97231506,0.004245432908694026,0.53399983,0.001247195723544734,6.05569,100
Tet1820,6,9,0.99439002,0.003771553568866322,0.46906563,0.0013210977655577236,5.27761,100
Tet1820,6,10,1.0141626,0.0037180378283349085,0.41605794,0.0013683416920720593,4.62367,100
Tet1820,6,11,1.023759,0.00946445604791043,0.37944563000000003,0.001246987308101271,4.19692,100
Tet1820,6,12,1.0394948,0.004019014271829804,0.34767507999999997,0.0011009435868445498,3.79728,100
Tet1820,6,13,1.0524526,0.004088130050907297,0.31577145,0.0011011867278513479,3.41847,100
Tet1820,6,14,1.062952,0.003626798404470075,0.29658549,0.0009346977526387231,3.21078,100
Tet1820,6,15,1.071653,0.003986812731691287,0.27876938,0.0009617310443238078,3.00152,100
Tet1820,6,16,1.0828517,0.004085243228049375,0.26175935,0.0010266123989494623,2.81816,100
Tet1820,7,1,1.02790012,0.0430472735075045,5.0780289,0.04396778126863889,59.5399,100
Tet1820,7,2,1.0476253,0.03046346848325553,3.6672735,0.015574781699914794,44.5972,100
Tet1820,7,3,1.038793,0.027812038614945005,3.1930463,0.01564853293895033,38.8649,100
Tet1820,7,4,1.0132657,0.015508450759492254,2.6116181999999997,0.016603112424537082,31.151,100
Tet1820,7,5,0.98806546,0.004466006560042594,1.8087087,0.008517817529428914,21.8536,100
Tet1820,7,6,0.98337774,0.004247068314149243,1.2550620000000001,0.006353610760580921,15.4041,100
Tet1820,7,7,0.9826590000000001,0.004510499564708134,1.019485,0.007073013659128774,12.3707,100
Tet1820,7,8,0.99030017,0.003966160482230649,0.8868003299999999,0.005500418408428382,10.6604,100
Tet1820,7,9,0.99343666,0.00398726996605726,0.7401799,0.005742839436897026,8.83238,100
Tet1820,7,10,1.0052034399999998,0.004555018310001016,0.6319065899999999,0.003885038520394549,7.49874,100
Tet1820,7,11,1.00790603,0.009982854176243464,0.56417471,0.004461084606297604,6.6918,100
Tet1820,7,12,1.0229123,0.015149776799702622,0.50618732,0.00371760269197147,5.90884,100
Tet1820,7,13,1.0308917,0.003926095048942819,0.45504714,0.0031477212730045305,5.23914,100
Tet1820,7,14,1.0432389,0.0040196552178896,0.42395075,0.0027587275077689743,4.85303,100
Tet1820,7,15,1.0526322000000001,0.0038176201217433063,0.39367188,0.0025125421722376542,4.47388,100
Tet1820,7,16,1.0656987,0.004213222729417095,0.36478214000000003,0.0018149648966747567,4.12008,100
Tet1820,8,1,1.0880571,0.021593840746187726,16.58289,0.05477424466652071,205.562,100
Tet1820,8,2,1.0589722000000001,0.048277378825100074,10.116141,0.06459798616963003,129.092,100
Tet1820,8,3,1.0627511,0.012705984424353724,8.4374473,0.00755765246741223,108.144,100
Tet1820,8,4,1.0440319,0.028510744410810925,6.1961455,0.03193674680860864,76.8524,100
Tet1820,8,5,1.01584543,0.008221028861432438,3.5259988,0.016013065264074682,44.0733,100
Tet1820,8,6,1.00177655,0.013805410252136595,1.9632820000000002,0.011166944998792665,24.7437,100
Tet1820,8,7,0.99951848,0.012751719291075376,1.4346475,0.00814506349535927,18.1076,100
Tet1820,8,8,1.00506538,0.004540284162735172,1.2199352,0.006075069518661146,15.3097,100
Tet1820,8,9,1.00231187,0.0037958487204025706,1.00397575,0.00673386195550953,12.4119,100
Tet1820,8,10,1.0109266,0.004207184144322953,0.84292771,0.005968933424673271,10.3788,100
Tet1820,8,11,1.0198471,0.004318929509856708,0.7442471500000001,0.004934920889882017,9.15929,100
Tet1820,8,12,1.0264089,0.00426053913575181,0.66376193,0.004324666987249543,7.99761,100
Tet1820,8,13,1.0347038,0.009406343849023417,0.58474275,0.0037665466362613005,7.01498,100
Tet1820,8,14,1.0436441,0.004202940792234681,0.53926748,0.003994747241672304,6.45157,100
Tet1820,8,15,1.0572586,0.004414182381937805,0.50130045,0.0027974016095569008,5.9263,100
Tet1820,8,16,1.0656483,0.004349446279630768,0.46207222000000003,0.00263412243865356,5.41102,100
Tet298,4,1,0.80700766,0.003854841041271271,0.00831948,0.0001632599329728078,0.1878,50
Tet298,4,2,0.8015523400000001,0.0017461062525820448,0.00831908,0.00011672885728237451,0.1878,50
Tet298,4,3,0.80306984,0.00966998561162216,0.008321,0.00010024887398217443,0.1878,50
Tet298,4,4,0.8016549399999999,0.0018202008233002376,0.008328799999999999,0.00011850118401199588,0.1878,50
Tet298,4,5,0.8008273200000001,0.0016438682284943163,0.0083141,0.00014159762623399465,0.1878,50
Tet298,4,6,0.8031651,0.009145981750116789,0.008338,0.00010390144466792388,0.1878,50
Tet298,4,7,0.80083972,0.0018583188369038902,0.00834358,0.00010721751494137548,0.1878,50
Tet298,4,8,0.801514,0.002730254103446739,0.0083134,0.00016790801660676095,0.1878,50
Tet298,4,9,0.80112686,0.002001474007947591,0.00833302,0.00010717837316114383,0.1878,50
Tet298,4,10,0.8017123599999999,0.0016857037743013648,0.0083234,8.906063057472323e-05,0.1878,50
Tet298,4,11,0.80135464,0.0021699114320306084,0.00833096,0.00011037486404179574,0.1878,50
Tet298,4,12,0.80298476,0.010234746279738062,0.00834198,0.0001322422776573363,0.1878,50
Tet298,4,13,0.8012276799999999,0.001799978530937725,0.00831944,8.314093272196042e-05,0.1878,50
Tet298,4,14,0.80306336,0.0015313122791666407,0.008200619999999999,9.583635925421014e-05,0.1856,50
Tet298,4,15,0.80261112,0.0021785279306196165,0.008215740000000001,8.987697033121638e-05,0.1856,50
Tet298,4,16,0.8029317,0.0018697282706646048,0.00825942,0.00010958122325378518,0.1856,50
Tet298,5,1,0.6325837599999999,0.002408414683596504,0.04602062,0.0003410581906181919,1.29562,50
Tet298,5,2,0.6315373799999999,0.001998948957398792,0.046130899999999996,0.00034857829325793155,1.29562,50
Tet298,5,3,0.63433962,0.010193811649951838,0.045214080000000004,0.0003081637412619656,1.2729,50
Tet298,5,4,0.63844252,0.002832335642798966,0.043482700000000006,0.00036782855644821205,1.23132,50
Tet298,5,5,0.6478495599999999,0.0027389204573767217,0.04080546,0.00027825170003331227,1.15782,50
Tet298,5,6,0.6619188,0.0024473716513843994,0.03740794,0.00027070847411779313,1.06687,50
Tet298,5,7,0.67415722,0.0023008105873312383,0.03460054,0.0002701799256882311,0.98626,50
Tet298,5,8,0.69045528,0.00309568831184304,0.031245159999999998,0.00030304780790751647,0.885464,50
Tet298,5,9,0.70466758,0.002657892905583479,0.02780464,0.00027566644736725125,0.7822,50
Tet298,5,10,0.7139995,0.002540916524743438,0.02467298,0.00023567025476201216,0.68552,50
Tet298,5,11,0.7209994399999999,0.00953261348655665,0.023494320000000003,0.00026935648482701735,0.644384,50
Tet298,5,12,0.72767864,0.0025499249509564397,0.02123562,0.0003536921231228984,0.566388,50
Tet298,5,13,0.73613162,0.002666365460888742,0.01928072,0.0002666976458195953,0.503512,50
Tet298,5,14,0.74027002,0.0025582243801480138,0.0176329,0.00023567352461420371,0.46198,50
Tet298,5,15,0.7452923199999999,0.0023896859535794,0.01618456,0.00018716261182540178,0.418096,50
Tet298,5,16,0.74625326,0.002325823855000588,0.01584066,0.00013264770127318913,0.404848,50
Tet298,6,1,0.5037075,0.0035074292420168825,0.26122008,0.0016954092256587995,8.03799,50
Tet298,6,2,0.55341162,0.0031637796169926243,0.20171608,0.001148359501414864,6.39266,50
Tet298,6,3,0.56810806,0.0027743408660841377,0.17706136,0.0007185361468191534,5.5979,50
Tet298,6,4,0.5867732,0.01247795455340076,0.14194566,0.0006299929902428292,4.43735,50
Tet298,6,5,0.6081552,0.0023630971980320606,0.1014757,0.000529436406155891,3.14746,50
Tet298,6,6,0.63764082,0.011091031204131586,0.07594936,0.00038609630605720806,2.35585,50
Tet298,6,7,0.6546425600000001,0.0026187260975286263,0.06293678,0.0003779496937694321,1.9127,50
Tet298,6,8,0.67291196,0.0023879595675652798,0.05407896,0.0006590703087203475,1.62068,50
Tet298,6,9,0.69412818,0.009721385060656281,0.0447154,0.00029630679081943823,1.31631,50
Tet298,6,10,0.7031920599999999,0.0025955674178908036,0.03822558,0.0003073669010103962,1.10789,50
Tet298,6,11,0.7138272600000001,0.002651427615532463,0.03502626,0.00028025773924757826,1.00845,50
Tet298,6,12,0.71481768,0.0024683003029020083,0.03064206,0.0002655051719393251,0.871712,50
Tet298,6,13,0.7235572,0.002081394048149809,0.02717804,0.00022748715684761686,0.760632,50
Tet298,6,14,0.7277563600000001,0.001854587448045782,0.02478188,0.00027006330625939373,0.686396,50
Tet298,6,15,0.7364547,0.01010624205829329,0.022758419999999998,0.0002624088638684577,0.62272,50
Tet298,6,16,0.73679358,0.002236023028339672,0.02182924,0.00020598687891638698,0.591896,50
Tet298,7,1,0.57783774,0.010257080663977793,0.92555532,0.005362487937058888,30.1452,50
Tet298,7,2,0.58276292,0.0038539324461635085,0.5709825,0.002453202764983447,19.2389,50
Tet298,7,3,0.58637278,0.0043889840453813726,0.47231824000000006,0.0020582385629563968,15.7844,50
Tet298,7,4,0.5891305,0.013931928704912876,0.32801688,0.0015193972037808715,10.8258,50
Tet298,7,5,0.6041873799999999,0.0027021989903160924,0.18790312,0.0007476176486489779,6.12162,50
Tet298,7,6,0.6352078999999999,0.01109357398152974,0.11886421999999999,0.0006910837183108029,3.83589,50
Tet298,7,7,0.64933282,0.002316067397859696,0.08971126,0.0004492961302449222,2.85382,50
Tet298,7,8,0.6684603,0.0025932491576934036,0.0761555,0.0003873724279800814,2.35961,50
Tet298,7,9,0.6858453,0.0025318260511064347,0.06165856,0.0003605129656022745,1.87311,50
Tet298,7,10,0.70023636,0.002648806629716995,0.051280440000000004,0.00030656032199292895,1.5508,50
Tet298,7,11,0.7052753199999999,0.002672448685595831,0.04614892,0.00029100759790908653,1.38026,50
Tet298,7,12,0.71300516,0.0024029750638637514,0.0402027,0.0003104417688339229,1.17599,50
Tet298,7,13,0.7247799399999999,0.002557312407866628,0.0353034,0.000266720751318065,1.02381,50
Tet298,7,14,0.7325959400000001,0.009824048015176313,0.03167886,0.00029617121427185565,0.916824,50
Tet298,7,15,0.7364046000000001,0.002434617633306747,0.02902838,0.00027065972989670105,0.835408,50
Tet298,7,16,0.7393552200000001,0.002331551583677044,0.02768354,0.000201093968287546,0.789288,50
Tet298,8,1,0.65491236,0.021738751492189783,2.5259997999999997,0.011002706993448146,83.2457,50
Tet298,8,2,0.62744066,0.006163720082011168,1.3674822,0.01169351351504461,47.5232,50
Tet298,8,3,0.62481044,0.0030224867998901576,1.0942626,0.004980612129414771,37.8735,50
Tet298,8,4,0.6124114,0.014576222536328525,0.6884494,0.00281485149497722,23.6048,50
Tet298,8,5,0.61043506,0.010944421364162045,0.3259848,0.001492178150440843,10.9903,50
Tet298,8,6,0.63403632,0.003689629423568886,0.16866824000000002,0.0011961619841162378,5.63198,50
Tet298,8,7,0.6496949399999999,0.0026380936330491927,0.11656050000000001,0.0006493272892551397,3.80392,50
Tet298,8,8,0.6714054199999999,0.0027386059696010894,0.0966149,0.00046982842070053527,3.10346,50
Tet298,8,9,0.6910644600000001,0.0026706364464261336,0.07804664,0.00047425050471716927,2.45454,50
Tet298,8,10,0.70147498,0.002711446940250888,0.06443388,0.0003407142941000296,2.00097,50
Tet298,8,11,0.70552748,0.0023523106160296377,0.056840760000000004,0.0003483436937560257,1.75905,50
Tet298,8,12,0.7146414799999999,0.0024382875660376667,0.04803292,0.000347965154248854,1.46572,50
Tet298,8,13,0.72161052,0.002525476453249638,0.04238892,0.00028808345162824057,1.28076,50
Tet298,8,14,0.7260778600000001,0.0031667100097928854,0.038677199999999995,0.0003166372417406753,1.14971,50
Tet298,8,15,0.73533936,0.0024726323885647847,0.03554978,0.0002741359181731812,1.05295,50
Tet298,8,16,0.73460994,0.0020554306109247544,0.03372182,0.0002445457838691222,0.991528,50
Tet427,4,1,0.87444598,0.0026321944402001225,0.011419760000000001,0.00014429456267069286,0.197064,50
Tet427,4,2,0.87480898,0.002001095490689322,0.01145538,0.00010946640338198638,0.197064,50
Tet427,4,3,0.87529166,0.0024297391697590165,0.01139156,0.00020106595120679662,0.197064,50
Tet427,4,4,0.8753530399999999,0.0021554766408819603,0.011377159999999999,0.0001810484612089328,0.197064,50
Tet427,4,5,0.87817634,0.002467565491221955,0.01135626,0.0001620412910341064,0.197064,50
Tet427,4,6,0.87795508,0.0024597961989579844,0.01136784,0.00015072049547125985,0.197064,50
Tet427,4,7,0.87895908,0.009627386251433242,0.01131618,0.00017777716962764448,0.197064,50
Tet427,4,8,0.8801644799999999,0.009119240221305577,0.0113899,0.00014396715186571732,0.197064,50
Tet427,4,9,0.87817954,0.0022987598627369965,0.011387419999999999,0.00017847495565461946,0.197064,50
Tet427,4,10,0.88057124,0.013880714894487275,0.011381380000000002,0.00014320755452653094,0.197064,50
Tet427,4,11,0.87661052,0.002527884492969556,0.01142612,0.00013853234205743562,0.197064,50
Tet427,4,12,0.87956542,0.012634182609403551,0.01135154,0.0001570510394094603,0.197064,50
Tet427,4,13,0.8766437,0.0024385871976224742,0.01137822,0.00014694401127293214,0.197064,50
Tet427,4,14,0.8771442999999999,0.002820933549702427,0.01136626,0.00015196049567205933,0.197064,50
Tet427,4,15,0.8769655799999999,0.0025452555470113145,0.01132736,0.00021490859566289082,0.197064,50
Tet427,4,16,0.87673918,0.0021036211897097613,0.011374420000000001,0.00015019593869342802,0.197064,50
Tet427,5,1,0.69200446,0.0029075271505216247,0.06256384,0.0005584452309030559,1.31872,50
Tet427,5,2,0.6912207599999999,0.0028013184327442403,0.06252822,0.00039747392624022045,1.31665,50
Tet427,5,3,0.6937403799999999,0.013858759441624496,0.06216144,0.00046857657488463063,1.3125,50
Tet427,5,4,0.6911036,0.002843063962326131,0.061687580000000006,0.0005161278551455472,1.30625,50
Tet427,5,5,0.6916053999999999,0.0027354200811590353,0.06100800000000001,0.000463299876440955,1.29354,50
Tet427,5,6,0.69505132,0.0028514516778336647,0.0590985,0.0004368286102052811,1.25548,50
Tet427,5,7,0.70248164,0.007074371222538848,0.05645376,0.0004068253679405946,1.20652,50
Tet427,5,8,0.7101007800000001,0.0025146077820509156,0.05387346,0.0003739880064649022,1.14202,50
Tet427,5,9,0.72259088,0.010911215773632904,0.04896662,0.0003829474781486462,1.03249,50
Tet427,5,10,0.7447893999999999,0.0027985328007251735,0.04301754,0.0003724703089112047,0.902936,50
Tet427,5,11,0.75365754,0.01083153162556018,0.040237800000000004,0.00040708746490359125,0.8446,50
Tet427,5,12,0.7631614999999999,0.002664750455445303,0.03639938,0.00046350531731974087,0.746556,50
Tet427,5,13,0.7752088,0.002564705075140025,0.03342744,0.00030756463797161745,0.661984,50
Tet427,5,14,0.77854482,0.0026036813317191596,0.03144206,0.00028034500683469084,0.616128,50
Tet427,5,15,0.78729802,0.002432998037108017,0.0288095,0.0002932847227037721,0.559436,50
Tet427,5,16,0.79321386,0.002254949096760183,0.02764424,0.0002715690283203466,0.53524,50
Tet427,6,1,0.5496061,0.003323396180636517,0.40012638,0.0022336792827904704,8.96204,50
Tet427,6,2,0.5876452400000001,0.0031713961166936508,0.32404573999999997,0.0015385367393622267,7.37984,50
Tet427,6,3,0.6035394199999999,0.012193100535004815,0.28163712,0.0012386599348835482,6.45926,50
Tet427,6,4,0.62249558,0.002614257198048995,0.23527774,0.0011825080197337742,5.34233,50
Tet427,6,5,0.64244506,0.003013352153401278,0.17081526,0.0007486667008620016,3.87078,50
Tet427,6,6,0.66234554,0.01872113214046673,0.13066224,0.0006270887565340564,3.01012,50
Tet427,6,7,0.6723732800000001,0.01060354708083621,0.10918739999999999,0.00044987027608647606,2.50216,50
Tet427,6,8,0.67992864,0.002771452435537909,0.09694468,0.0005195016230258866,2.16138,50
Tet427,6,9,0.69522162,0.002805979510958398,0.08070538000000001,0.0004870680667346738,1.78396,50
Tet427,6,10,0.7222630999999999,0.010179815160604908,0.06811928,0.00047319181251218934,1.48873,50
Tet427,6,11,0.73215828,0.002671719671229124,0.06271146,0.0003632399673460382,1.36997,50
Tet427,6,12,0.74771886,0.0024941022679226916,0.055336220000000005,0.0004016918450346572,1.18287,50
Tet427,6,13,0.7582032599999999,0.002883204317266126,0.05006404,0.0005068597986723787,1.05024,50
Tet427,6,14,0.76506934,0.0021532054283636528,0.04662264000000001,0.00037383259158427077,0.978012,50
Tet427,6,15,0.7730898399999999,0.0021717926044479276,0.04200568,0.00035626586266152314,0.883852,50
Tet427,6,16,0.7744633000000001,0.0026924592601090427,0.04032736,0.00033515867457497976,0.844144,50
Tet427,7,1,0.65914014,0.01933638458388533,1.5212816,0.007918369333262948,35.7733,50
Tet427,7,2,0.64324448,0.00929448934439441,0.9587821599999999,0.004925277600629772,23.1197,50
Tet427,7,3,0.6385333599999999,0.021357956873889847,0.7959822,0.00441711613834093,19.2857,50
Tet427,7,4,0.63344026,0.00332857113310851,0.57750466,0.0026023038506332048,13.6475,50
Tet427,7,5,0.6380131800000001,0.003995703568553996,0.33002312000000006,0.001906557370160752,7.75714,50
Tet427,7,6,0.65186236,0.002668088873164095,0.207408,0.0009073082413920635,4.96924,50
Tet427,7,7,0.6634851399999999,0.0025069378915810584,0.1637698,0.0007930658412587365,3.88032,50
Tet427,7,8,0.67652344,0.002616698661306192,0.13719094,0.0006752451832860568,3.1789,50
Tet427,7,9,0.69836578,0.01054237885150081,0.11196882000000001,0.0005520262375456219,2.56593,50
Tet427,7,10,0.72143006,0.010258788169691984,0.09349694,0.0004583078196485634,2.11124,50
Tet427,7,11,0.7298618600000001,0.003040523800268632,0.0853082,0.0006302301490854978,1.91071,50
Tet427,7,12,0.74546954,0.0026390788529797498,0.07414958,0.0004561439125753979,1.64773,50
Tet427,7,13,0.7596295399999999,0.002640503316353431,0.06623648,0.0004978409400929701,1.44152,50
Tet427,7,14,0.76567606,0.002250118658186362,0.06187882,0.0006684409423946052,1.34523,50
Tet427,7,15,0.7705524800000001,0.0020327112109049805,0.056208480000000005,0.0003400845777156028,1.20938,50
Tet427,7,16,0.7767025200000001,0.0024149726684556403,0.05289518,0.00035387001476098345,1.13453,50
Tet427,8,1,0.7386522,0.03431479808050927,4.2035776,0.011146206741968024,101.035,50
Tet427,8,2,0.6895933399999999,0.013493030706907588,2.3833644,0.004313074645535282,58.3382,50
Tet427,8,3,0.68916224,0.008280313507226597,1.8992250000000002,0.011709342206031866,47.5451,50
Tet427,8,4,0.66842004,0.004729999835871761,1.2578622,0.006533169774781798,30.4296,50
Tet427,8,5,0.6512441,0.003804438569162416,0.58591928,0.002464968121166553,14.1685,50
Tet427,8,6,0.6562509400000001,0.00377713645131292,0.29324646,0.001639389236818374,7.11913,50
Tet427,8,7,0.66418306,0.0029844552328930833,0.21828532,0.0010207967364479853,5.33296,50
Tet427,8,8,0.67656904,0.002898279785088578,0.17842332,0.0009044007022355105,4.21764,50
Tet427,8,9,0.6930148800000001,0.0027565583439632547,0.14241374,0.0006142368688221252,3.34627,50
Tet427,8,10,0.71803484,0.0026316636498067655,0.11703794000000001,0.0005962455804824865,2.73056,50
Tet427,8,11,0.72749628,0.002355409051003883,0.10441046,0.0005980951125644391,2.43283,50
Tet427,8,12,0.7451495199999999,0.009984712292340547,0.09123635999999999,0.0005921092963089765,2.085,50
Tet427,8,13,0.75498992,0.0025605580055120467,0.08063024,0.0005541307795244068,1.82004,50
Tet427,8,14,0.7637470399999999,0.009444047586426798,0.07528434,0.0004231098477526919,1.68865,50
Tet427,8,15,0.7694291200000001,0.0023787934400035806,0.06718394,0.0005114812985589117,1.50182,50
Tet427,8,16,0.7765331999999999,0.009797416412878797,0.06330854000000001,0.0005056381786960928,1.41133,50
